asset,epoch,timestamp,supply,borrow,supply_ma30,borrow_ma30
uni,1606947132,2020-12-02 22:12:12,0.004954773745661214,0.03097976470398645,0.0,0.0
uni,1607038683,2020-12-03 23:38:03,2.56509570816e-08,4.438570857210601e-05,0.0,0.0
uni,1607110486,2020-12-04 19:34:46,2.413402877506558e-05,0.002172327631502666,0.0,0.0
uni,1607212100,2020-12-05 23:48:20,0.00021283947233885495,0.006434908032537157,0.0,0.0
uni,1607299174,2020-12-06 23:59:34,0.0003287025299834272,0.007996344152077112,0.0,0.0
uni,1607369591,2020-12-07 19:33:11,0.00029564033612376403,0.0075834914991712655,0.0,0.0
uni,1607455243,2020-12-08 19:20:43,0.0003001842613767859,0.007641505769574662,0.0,0.0
uni,1607556610,2020-12-09 23:30:10,0.0003354229546429622,0.008077583321231775,0.0,0.0
uni,1607644539,2020-12-10 23:55:39,0.000399387034768416,0.008814063015919596,0.0,0.0
uni,1607728689,2020-12-11 23:18:09,3.840283553038033e-05,0.0027331183760138577,0.0,0.0
uni,1607815214,2020-12-12 23:20:14,0.000494303715943061,0.009804302719422954,0.0,0.0
uni,1607902503,2020-12-13 23:35:03,0.0007658016730096678,0.012203132581347323,0.0,0.0
uni,1607988502,2020-12-14 23:28:22,0.0007228629796859796,0.011856080026874842,0.0,0.0
uni,1608066337,2020-12-15 21:05:37,0.0018890585897118183,0.01916627185201139,0.0,0.0
uni,1608159241,2020-12-16 22:54:01,0.00018614953345786933,0.006016520785984495,0.0,0.0
uni,1608247437,2020-12-17 23:23:57,0.00015120089315432696,0.005422438002684632,0.0,0.0
uni,1608331925,2020-12-18 22:52:05,0.00016388255102574471,0.005645246139844699,0.0,0.0
uni,1608413099,2020-12-19 21:24:59,0.00014997209696827242,0.005400351990306183,0.0,0.0
uni,1608486117,2020-12-20 17:41:57,0.00013647966015336885,0.005151702575135929,0.0,0.0
uni,1608580469,2020-12-21 19:54:29,0.00013586599065059434,0.005140107409139888,0.0,0.0
uni,1608677857,2020-12-22 22:57:37,0.00015896379393024634,0.005559868181028309,0.0,0.0
uni,1608767277,2020-12-23 23:47:57,0.0011606572666082724,0.015023170829839318,0.0,0.0
uni,1608848959,2020-12-24 22:29:19,0.0012870467747186376,0.015819978693471744,0.0,0.0
uni,1608936219,2020-12-25 22:43:39,0.0018255011878524833,0.018840741056608386,0.0,0.0
uni,1609020763,2020-12-26 22:12:43,0.0019275413298766916,0.019360136600557732,0.0,0.0
uni,1609108714,2020-12-27 22:38:34,0.0017809221533444952,0.0186092600182792,0.0,0.0
uni,1609199804,2020-12-28 23:56:44,0.0027705115258753674,0.023210519327275872,0.0,0.0
uni,1609283554,2020-12-29 23:12:34,0.002310304102668761,0.021195294145965365,0.0,0.0
uni,1609362862,2020-12-30 21:14:22,0.0010877806154708893,0.014543773290587838,0.0,0.0
uni,1609458199,2020-12-31 23:43:19,0.0008576714208831307,0.012914125682147138,0.0,0.0
uni,1609544009,2021-01-01 23:33:29,0.0011116332547485164,0.014702290019213228,0.00093760038776736,0.0112655571592176
uni,1609627330,2021-01-02 22:42:10,0.0011199693720598904,0.014757312852754697,0.00088630539596064,0.01117604161678032
uni,1609701549,2021-01-03 19:19:09,0.001484932000043552,0.01699246724652466,0.00091426222773216,0.01145883047659344
uni,1609804283,2021-01-04 23:51:23,0.0011327948124558599,0.014841543496356586,0.00094952578450896,0.01184396213706768
uni,1609890178,2021-01-05 23:42:58,0.0002376427610066256,0.00679778349718694,0.00096675877677456,0.0119931988309704
uni,1609971651,2021-01-06 22:20:51,0.0002765543772265006,0.007333232616442003,0.00094813226480304,0.01195865401337712
uni,1610056636,2021-01-07 21:57:16,0.00027926092566442427,0.007369029244891701,0.00094543138426608,0.01190087201654352
uni,1610149460,2021-01-08 23:44:20,0.0002550991207987556,0.007043032554254638,0.00096029535594528,0.01205472005731584
uni,1610233344,2021-01-09 23:02:24,0.00024249787128307614,0.006866876024135229,0.00094979062793664,0.01183797757179216
uni,1610315506,2021-01-10 21:51:46,0.0002145945064209645,0.006459732550898685,0.0009532209046176,0.01191247848183312
uni,1610408931,2021-01-11 23:48:51,0.00018186435784965738,0.005946740981084498,0.00094586818750992,0.01181921973824016
uni,1610495237,2021-01-12 23:47:17,6.910573175555212e-05,0.0036657818973481167,0.00093155786878464,0.01163705396928912
uni,1610581713,2021-01-13 23:48:33,7.44757505185965e-06,0.0012034573365528416,0.00090528004518912,0.01134651819205296
uni,1610667264,2021-01-14 23:34:24,4.43268258185846e-06,0.0009284553482319501,0.0008222504617296,0.01065455482278096
uni,1610753998,2021-01-15 23:39:58,1.34180320222756e-05,0.001615321670741814,0.00077772316837104,0.01018602646164864
uni,1610841263,2021-01-16 23:54:23,1.016243258973784e-05,0.0014057740309911882,0.00078210560456208,0.01005220360112112
uni,1610924963,2021-01-17 23:09:23,1.280776627189125e-05,0.0015781611766603385,0.00077853039378624,0.00991804916730528
uni,1611010769,2021-01-18 22:59:29,1.326301577777191e-05,0.0016059648427226663,0.00077269268125584,0.0097801397438616
uni,1611100071,2021-01-19 23:47:51,2.236369357685691e-05,0.002085369194032913,0.00077315383754496,0.00963455753277792
uni,1611184030,2021-01-20 23:07:10,2.054321674855007e-05,0.001998689568088323,0.00077201821735488,0.009553602855708
uni,1611273116,2021-01-21 23:51:56,0.00011629937525321752,0.004755527888675326,0.00075692265569856,0.00950880358421712
uni,1611359515,2021-01-22 23:51:55,7.010893309427481e-05,0.0036922988032654963,0.00073911995613216,0.00931022077726512
uni,1611440037,2021-01-23 22:13:57,0.00034644087748023544,0.008207654388929946,0.00079275684283488,0.00898322269871232
uni,1611532604,2021-01-24 23:56:44,0.00014710960077304294,0.0053484189884233715,0.00077863967674848,0.0086210344375632
uni,1611617553,2021-01-25 23:32:33,0.0001883430384575709,0.006051754869443783,0.00072806543738352,0.00818819436320928
uni,1611704279,2021-01-26 23:37:59,0.00022467267462623216,0.0066096867026482105,0.00067558588435296,0.0077733291636288
uni,1611790189,2021-01-27 23:29:49,0.0008516177842740871,0.012868380154439562,0.0006093989645184,0.00725690343972672
uni,1611877043,2021-01-28 23:37:23,0.0003249763788395072,0.007949274663825496,0.00056646065982384,0.00684731992316976
uni,1611964213,2021-01-29 23:50:13,0.0003166209869828893,0.007846416857180634,0.00053960372016192,0.00664003912033872
uni,1612050551,2021-01-30 23:49:11,0.00027786130513074523,0.0073504789963307424,0.00057300674628528,0.0064699967617272
uni,1612136356,2021-01-31 23:39:16,0.0004978615110350985,0.009839111845282439,0.00055580327518464,0.00631437986293056
uni,1612223812,2021-02-01 23:56:52,0.00034351713696794236,0.008172905321992325,0.00052798742699328,0.00607897622976192
uni,1612309944,2021-02-02 23:52:24,0.0005971489441671414,0.010775636920629054,0.00051155073607248,0.00601845999234912
uni,1612396732,2021-02-03 23:58:52,0.0007551661923760837,0.01211777328265335,0.0004840802774064,0.00579392463672
uni,1612479009,2021-02-04 22:50:09,0.0007382035393558411,0.011980907402982566,0.00049056554921472,0.00577667713221792
uni,1612568139,2021-02-05 23:35:39,0.0004490747553225288,0.009344605396091218,0.00051422701127616,0.00588944747652768
uni,1612654560,2021-02-06 23:36:00,0.0005908052638588603,0.010718239220540682,0.00052304666768208,0.005988692620476
uni,1612741575,2021-02-07 23:46:15,0.000683259731669819,0.011526407555931645,0.00054497413729008,0.0061205666139144
uni,1612823677,2021-02-08 22:34:37,0.0006342997113076117,0.011105766530159208,0.00055754106015744,0.0062519472944352
uni,1612913191,2021-02-09 23:26:31,0.0008252033069904949,0.012667219648753392,0.00057609180278928,0.00644883293289024
uni,1612997154,2021-02-10 22:45:54,0.0008872196551735211,0.013134584217628172,0.000623648059884,0.00671042303017776
uni,1613086486,2021-02-11 23:34:46,0.0008555085269944302,0.012897720835515953,0.00066769369193088,0.00696363423617088
uni,1613173152,2021-02-12 23:39:12,0.0008148234361116487,0.012587299074607244,0.00069582220316352,0.00733180341987216
uni,1613259700,2021-02-13 23:41:40,0.0013490285168724166,0.016196109328544137,0.00072496466365248,0.00773487580762368
uni,1613347005,2021-02-14 23:56:45,0.0014075683776046575,0.016543785207628066,0.00077475922839792,0.0082555904555928
uni,1613433444,2021-02-15 23:57:24,0.001843560582865815,0.018933410746285628,0.00082977021367632,0.00883104315769008
uni,1613518663,2021-02-16 23:37:43,0.0022080291647111863,0.02072061138208592,0.00089459717441616,0.00940906005699312
uni,1613606011,2021-02-17 23:53:31,0.0006187296163313181,0.010968636798978793,0.00093636123520464,0.00986565907244592
uni,1613683434,2021-02-18 21:23:54,0.0006965998646933468,0.011638416577354786,0.00095012760239568,0.01017781308641952
uni,1613777020,2021-02-19 23:23:40,0.0007161277821238024,0.011800418166569536,0.00097107006270384,0.01049317332672384
uni,1613865595,2021-02-20 23:59:55,0.00042615883537668525,0.009103086317464487,0.00099598894424064,0.01071650061640224
uni,1613949123,2021-02-21 23:12:03,0.0002053028080308393,0.006318332641079167,0.00100358189471232,0.01081579733621712
uni,1614036879,2021-02-22 23:34:39,0.00024878030710872066,0.006955252495134633,0.00091181448887472,0.01086185778249024
uni,1614123824,2021-02-23 23:43:44,0.00040512409403493704,0.008875598117909535,0.00089641061740656,0.01100995920972144
uni,1614210889,2021-02-24 23:54:49,0.0003199590793162769,0.007887705369261012,0.00089667797803776,0.01108673639707248
uni,1614290812,2021-02-25 22:06:52,0.0001923990127967642,0.006116548396143848,0.0008994867094872,0.0111391415033832
uni,1614383381,2021-02-26 23:49:41,0.00013045641285084546,0.005036643237265718,0.00087571408397184,0.01103234638212432
uni,1614469699,2021-02-27 23:48:19,0.0001337486058903835,0.0050997926457639715,0.00085319589210336,0.01087771396124592
uni,1614552419,2021-02-28 22:46:59,8.719005615918956e-05,0.004117578677301454,0.00086099242953024,0.01078211484752256
uni,1614641787,2021-03-01 23:36:27,0.00010098221552110471,0.004431283162051383,0.00080019323693424,0.01066740334383744
uni,1614725504,2021-03-02 22:51:44,9.51160812993512e-05,0.004300650749291093,0.00079322849462016,0.01050394566134448
uni,1614815469,2021-03-03 23:51:09,7.771317401516563e-05,0.003887365251009519,0.00077848041143376,0.0103465046417832
uni,1614901892,2021-03-04 23:51:32,6.973784223107374e-05,0.0036824964424928947,0.000765160561836,0.01015487497221264
uni,1614988788,2021-03-05 23:59:48,0.0002327190097859484,0.006726972171137353,0.00075311367233904,0.01001674360313136
uni,1615074480,2021-03-06 23:48:00,0.0022307866739546545,0.020827097022037395,0.00073211205869424,0.00988466235667776
uni,1615161381,2021-03-07 23:56:21,0.24791030416488574,0.5717611968971339,0.00209072670372432,0.01307492355649248
uni,1615244245,2021-03-08 22:57:25,0.025004966163108176,0.06972868005912078,0.00552842445985632,0.0212496489615888
uni,1615332274,2021-03-09 23:24:34,0.0006913061855506725,0.011594074473523414,0.00577871235843552,0.02191077962181936
uni,1615419133,2021-03-10 23:32:13,0.0011815737362272157,0.015157599898974873,0.00578894495031648,0.02189570184457488
uni,1615499670,2021-03-11 21:54:30,0.0592548449857563,0.15884734118542154,0.0073787739578928,0.02579282663092704
uni,1615590296,2021-03-12 23:04:56,2.53682708446726e-05,0.002221045757729348,0.00820032560330688,0.02783849527748304
uni,1615677168,2021-03-13 23:12:48,0.00033282535039712464,0.00804470265304753,0.00816978308948352,0.02769885360773424
uni,1615765180,2021-03-14 23:39:40,0.00038554304156600267,0.008658405408666397,0.00814806801452016,0.02750368746053376
uni,1615847832,2021-03-15 22:37:12,0.000382482559799011,0.00862397125877358,0.0081435443657976,0.02739640217554224
uni,1615933495,2021-03-16 22:24:55,7.692086097628289e-05,0.003867479479640407,0.0081021514894056,0.02700375115132944
uni,1616023418,2021-03-17 23:23:38,7.408643407805351e-05,0.003795554799928985,0.00802935055834992,0.02647656317013552
uni,1616111273,2021-03-18 23:47:53,8.672501073744871e-05,0.0041065535479293015,0.00795717681463152,0.02595270817611648
uni,1616191729,2021-03-19 22:08:49,7.819020846674094e-05,0.0038992572531688034,0.00793816991889696,0.02563265791229904
uni,1616280394,2021-03-20 22:46:34,0.0010465888039618498,0.01426553402061597,0.00789371356293216,0.0253910491580088
uni,1616362140,2021-03-21 21:29:00,0.00010464158616002058,0.004510833515595951,0.00790989327991872,0.02524898019766032
uni,1616453048,2021-03-22 22:44:08,0.00010505486468529795,0.004519731834636981,0.00787890848725584,0.02503316924899488
uni,1616543966,2021-03-23 23:59:26,9.96486403714185e-05,0.004401903069154659,0.00787027807113264,0.02489199341118768
uni,1616629644,2021-03-24 23:47:24,0.00010295988272259123,0.004474440011181333,0.00788286030756624,0.0248336551609416
uni,1616716192,2021-03-25 23:49:52,9.877287652694155e-05,0.004382517805701489,0.00787011057397584,0.02464959790623024
uni,1616798993,2021-03-26 22:49:53,9.015331574815919e-05,0.004186931338362711,0.00787352049353808,0.02454751287452592
uni,1616888318,2021-03-27 23:38:38,5.377525253091706e-05,0.003233688863942475,0.00783858432080736,0.02435798737265328
uni,1616965114,2021-03-28 20:58:34,5.468007131025091e-05,0.003260780315761142,0.00788375172842496,0.02441219357151072
uni,1617060587,2021-03-29 23:29:47,5.527746709530925e-05,0.003278544477263699,0.00783807350761728,0.02427512421980304
uni,1617141812,2021-03-30 22:03:32,5.600039934159426e-05,0.003299913655862436,0.007845554454516,0.02424253867239456
uni,1617233537,2021-03-31 23:32:17,2.727700474942028e-05,0.00230308016077276,0.00783594349679808,0.0241559880648912
uni,1617320143,2021-04-01 23:35:43,3.032048760195489e-05,0.0024281686061152336,0.00781917915629808,0.02407038941222928
uni,1617391608,2021-04-02 19:26:48,3.150325990781023e-05,0.0024750752901816836,0.00787217472028224,0.0241625788665624
uni,1617494338,2021-04-03 23:58:58,3.188497479169983e-05,0.0024900249066526887,0.00782145819048528,0.02398273840772496
uni,1617580553,2021-04-04 23:55:53,1.340618569813404e-05,0.001614618952029462,0.00781545492278496,0.02382172621778016
uni,1617663127,2021-04-05 22:52:07,1.398101786210618e-05,0.0016488699997041433,0.00781150449888864,0.02363266077726672
uni,1617749973,2021-04-06 22:59:33,1.41232496502389e-05,0.0016572359515754029,0.006417818559144,0.02014587206113104
uni,1617831480,2021-04-07 21:38:00,0.0004506125488838019,0.009360588920087353,0.00296706281732064,0.01173615692498208
uni,1617925189,2021-04-08 23:39:49,0.00046787496537862563,0.00953820027020402,0.00268699551273072,0.0110101271865408
uni,1618009998,2021-04-09 23:13:18,0.00047478089712936673,0.009608335256751678,0.00267908266895904,0.0109385586407376
uni,1618089663,2021-04-10 21:21:03,0.0004620829855996314,0.00947897765679547,0.00110061720991008,0.0070105171586688
uni,1618185211,2021-04-11 23:53:31,0.00046940714530019427,0.00955380468011235,0.00023675973446448,0.00481598634069216
uni,1618271265,2021-04-12 23:47:45,0.0004543766306334055,0.009399606352156111,0.00024300773476992,0.004888891523772
uni,1618357749,2021-04-13 23:49:09,0.0004355358333836388,0.009202665237083928,0.0002460645943056,0.0049283569908
uni,1618444718,2021-04-14 23:58:38,0.0004278294394020147,0.009120885636415802,0.00024818128621056,0.00493787705577408
uni,1618529103,2021-04-15 23:25:03,0.0004681821817519837,0.009541330219550679,0.00026010954169056,0.00510197111361792
uni,1618613119,2021-04-16 22:45:19,0.0004681986181970971,0.009541497699511885,0.00027327509194752,0.00528964413187824
uni,1618697942,2021-04-17 22:19:02,0.000474544975826963,0.009605950068820111,0.00028557213698016,0.00545965990154208
uni,1618783671,2021-04-18 22:07:51,0.000479224662258871,0.009653197830728785,0.0003004054963488,0.0056518387834824
uni,1618876624,2021-04-19 23:57:04,0.0004799813300282296,0.009660815909939306,0.00030957150822768,0.00578741750920224
uni,1618955557,2021-04-20 21:52:37,0.0004802545008141662,0.009663564637264628,0.00031929525350352,0.00592510405007376
uni,1619047964,2021-04-21 23:32:44,0.00047057530941080913,0.009565686989034834,0.0003281168812248,0.00601823829773808
uni,1619130523,2021-04-22 22:28:43,0.0004598819532871039,0.009456377415666824,0.000342218509524,0.00627815866221792
uni,1619222335,2021-04-23 23:58:55,0.0004795543277869235,0.009656515278723382,0.0003443743514808,0.00645700423152672
uni,1619305961,2021-04-24 23:12:41,0.0003995063180682062,0.008813803737458449,0.00035709371779536,0.00661908453191568
uni,1619393718,2021-04-25 23:35:18,0.0003410144930898466,0.008143065805925534,0.000366037855308,0.00675660460338864
uni,1619479115,2021-04-26 23:18:35,1.071612749523363e-05,0.0014435626016631544,0.00037112522579856,0.00682846219965312
uni,1619566355,2021-04-27 23:32:35,8.39537395221601e-06,0.0012777260438563375,0.00036743491650672,0.00675040174339824
uni,1619653332,2021-04-28 23:42:12,8.95695729668412e-06,0.0013197670955616267,0.00036718718356656,0.00669566405855664
uni,1619740414,2021-04-29 23:53:34,8.0277625420583e-06,0.001249435880379079,0.0003468478114152,0.00662288790218256
uni,1619822957,2021-04-30 22:49:17,8.09101605761821e-06,0.0012543486120425358,0.00035555555822544,0.00659739685984416
uni,1619912252,2021-05-01 23:37:32,7.52009951537812e-06,0.0012092860160643265,0.00035462860323264,0.00655081703078832
uni,1619995206,2021-05-02 22:40:06,0.00028829129245885166,0.0074871578081413615,0.0003584854610784,0.00664454879325216
uni,1620086122,2021-05-03 23:55:22,7.38806092408092e-06,0.0011986251640025535,0.0003617361493848,0.00668074973933808
uni,1620172095,2021-05-04 23:48:15,7.67307645258591e-06,0.001221526034361434,0.00036139520202048,0.0066594335326488
uni,1620259168,2021-05-05 23:59:28,8.62846019242663e-06,0.001295338040041824,0.00036215478757728,0.00663624183399696
uni,1620343431,2021-05-06 23:23:51,8.89204491073733e-06,0.001314973771209344,0.00036879966055872,0.0066301340137344
uni,1620428904,2021-05-07 23:08:24,4.69977520778402e-06,0.0009560057554556218,0.00037124098657056,0.00656412468352272
uni,1620501161,2021-05-08 19:12:41,5.27850205843836e-06,0.0010131571462250741,0.0003577196660832,0.00630189223607376
uni,1620603868,2021-05-09 23:44:28,7.05317524593524e-06,0.0011711458270304872,0.00032430697322976,0.00600209176261536
uni,1620687895,2021-05-10 23:04:55,4.82778090195094e-06,0.0009689289777360234,0.00031551434727552,0.00571969431565056
uni,1620757995,2021-05-11 18:33:15,4.85933066194273e-06,0.0009720898384818188,0.00028958369530464,0.00544922226542736
uni,1620860150,2021-05-12 22:55:50,4.75066062329397e-06,0.0009611588065825499,0.00027202450253904,0.00513239031253584
uni,1620948114,2021-05-13 23:21:54,6.4059524003746e-06,0.0011161145866976526,0.0002671837520832,0.0048534245802936
uni,1621031986,2021-05-14 22:39:46,6.05996202430813e-06,0.001085555748079445,0.00025233534531216,0.00458791227468432
uni,1621123092,2021-05-15 23:58:12,6.60864885817715e-06,0.001133633778852645,0.00024081163679376,0.00430748908601904
uni,1621209391,2021-05-16 23:56:31,7.622307855381794e-05,0.0038498783796801148,0.0002268604175544,0.00403723468906848
uni,1621295438,2021-05-17 23:50:38,6.934048125829492e-05,0.003671953995674445,0.0002540395740888,0.00385963899235488
uni,1621372177,2021-05-18 21:09:37,6.952201635459094e-05,0.0036767575365930396,0.00023880711402576,0.00364971932295408
uni,1621468415,2021-05-19 23:53:35,7.745330785918041e-05,0.0038808229556113404,0.00026953555149072,0.00343917566270496
uni,1621554235,2021-05-20 23:43:55,9.322979290106512e-05,0.004257750607782725,0.00029324409522336,0.00328189270914432
uni,1621640825,2021-05-21 23:47:05,1.615791624901759e-05,0.0017725661872320094,0.00028578391888032,0.00317321649702144
uni,1621726524,2021-05-22 23:35:24,1.719198935498577e-05,0.001828407549510481,0.0002509115545152,0.00283621130583408
uni,1621813798,2021-05-23 23:49:58,1.998615641738039e-05,0.00197139934048819,0.00028207273559472,0.00256324177344384
uni,1621898565,2021-05-24 23:22:45,5.26935326865963e-05,0.0032009836286577545,0.00026826797174688,0.00237171764950416
uni,1621986994,2021-05-25 23:56:34,4.176346660148637e-05,0.0028497313710924045,0.00025707086581248,0.00217996729891488
uni,1622072617,2021-05-26 23:43:37,2.010797015031416e-05,0.0019773939291719378,0.00025065049414608,0.00204392318824368
uni,1622156314,2021-05-27 22:58:34,2.144562222333478e-05,0.0020421048784804133,0.00025146296872848,0.002065996342188
uni,1622245470,2021-05-28 23:44:30,2.160342121976056e-05,0.0020496040778712863,0.00025475793010992,0.00209062448419536
uni,1622332256,2021-05-29 23:50:56,2.290404444451016e-05,0.00211039858681226,0.00025620623037072,0.00211479298553376
uni,1622418891,2021-05-30 23:54:51,2.112411952457832e-05,0.002026740060349684,0.00024784943067504,0.00213520603334976
uni,1622505377,2021-05-31 23:56:17,6.63048864281564e-06,0.0011355037058290453,0.00024839157361968,0.00216619637319504
uni,1622591349,2021-06-01 23:49:09,6.43040411363815e-06,0.0011182495632126802,0.00024213254832864,0.00200872104908832
uni,1622677166,2021-06-02 23:39:26,6.61591172707792e-06,0.0011342649636812271,0.00024006052212192,0.00194610288555648
uni,1622749742,2021-06-03 19:49:02,6.95454097601979e-06,0.0011629312104818321,0.00024124297074912,0.00194776425217872
uni,1622844535,2021-06-04 22:08:55,6.22992715493857e-06,0.0011006807581861668,0.0002389299874272,0.00194281990375536
uni,1622936519,2021-06-05 23:41:59,5.70571264682198e-06,0.001053354907745937,0.00023167863995328,0.00193292174737008
uni,1623019388,2021-06-06 22:43:08,5.70684816314607e-06,0.0010534597191965776,0.00022668307296624,0.00193766303485872
uni,1623109340,2021-06-07 23:42:20,2.526486869270416e-05,0.002216498588330299,0.00022525977696912,0.0019369672964568
uni,1623187782,2021-06-08 21:29:42,2.695560313535764e-05,0.0022894621755428545,0.00022793786360064,0.00198100745700768
uni,1623281233,2021-06-09 23:27:13,2.649755757557999e-05,0.002269926773928811,0.00022112281101024,0.00202064472427968
uni,1623365923,2021-06-10 22:58:43,0.00011662453963521374,0.004762097953673404,0.00022202362707408,0.00209542689570528
uni,1623454332,2021-06-11 23:32:12,0.00014009904543877818,0.005219402913006866,0.000228987216432,0.00223448905613376
uni,1623537801,2021-06-12 22:43:21,0.0002509900240916357,0.006986024029314185,0.000230791864032,0.00242312249255184
uni,1623628181,2021-06-13 23:49:41,0.00024996472533243586,0.006971737168426977,0.00023864552671536,0.00262313513953632
uni,1623714341,2021-06-14 23:45:41,0.0002572092433153,0.007072042685253869,0.00024284364886224,0.00282208528916928
uni,1623795758,2021-06-15 22:22:38,0.00025924766944751174,0.007100011095529746,0.00025095595657248,0.0030075322206096
uni,1623885422,2021-06-16 23:17:02,9.703280272969674e-05,0.004343711129481361,0.0002165334418944,0.00311120450618256
uni,1623973107,2021-06-17 23:38:27,8.719144876327299e-05,0.004117546366635257,0.0002168484360768,0.00313398373476816
uni,1624058518,2021-06-18 23:21:58,9.188043144242075e-05,0.004226812637896945,0.00017163252104544,0.00314692096564656
uni,1624142061,2021-06-19 22:34:21,9.186572514443193e-05,0.004226474531914547,0.00013585554778176,0.00314131462990992
uni,1624231189,2021-06-20 23:19:49,9.309600295564843e-05,0.004254681143260328,0.00013435573125744,0.00314570990377584
uni,1624319746,2021-06-21 23:55:46,9.138611518524068e-05,0.004215428039633381,0.0001349745104664,0.00323086728927312
uni,1624403490,2021-06-22 23:11:30,9.671296502925596e-05,0.004336544969875279,9.1922614992e-05,0.00331113306179232
uni,1624490481,2021-06-23 23:21:21,0.00011480971024345288,0.004724876941463879,9.311406525504e-05,0.00334234582567632
uni,1624577904,2021-06-24 23:38:24,0.00011497415275747846,0.004728259419593357,9.539479450224e-05,0.00340442599230144
uni,1624661247,2021-06-25 22:47:27,0.0002199923267293544,0.0065403957275599655,9.782903153664e-05,0.00349649096710464
uni,1624751615,2021-06-26 23:53:35,0.00014451113029612808,0.005300917461486812,0.0001027344156552,0.00362255130619632
uni,1624838156,2021-06-27 23:55:56,0.00013811385934878802,0.005182258529888165,0.00010336819338576,0.00372914407797264
uni,1624923086,2021-06-28 23:31:26,6.530370296348726e-05,0.0035634484992237655,0.0001056034805184,0.0038135835189936
uni,1625008868,2021-06-29 23:21:08,6.031128765753313e-05,0.0034245302002067434,0.00010708567819488,0.00386824227269616
uni,1625092061,2021-06-30 22:27:41,9.359068882186577e-05,0.004265965040838291,0.00010940247327312,0.00393830587296
uni,1625183813,2021-07-01 23:56:53,6.134525931511241e-05,0.0034537606384214947,0.00011156458994784,0.00402896676507408
uni,1625269047,2021-07-02 23:37:27,6.233314382135894e-05,0.0034814586965966872,0.0001133397170136,0.00410861402990928
uni,1625355948,2021-07-03 23:45:48,6.206894726579211e-05,0.0034740728836168723,0.00011749548095136,0.0041690356158024
uni,1625442659,2021-07-04 23:50:59,6.203912960574222e-05,0.003473238333483948,0.0001197048659904,0.00425742190232976
uni,1625529452,2021-07-05 23:57:32,6.839353750746494e-05,0.003646775973937333,0.00013251722913072,0.00434804703009696
uni,1625615980,2021-07-06 23:59:40,0.0018914473455494795,0.019177661249016785,0.00015318348232896,0.0046064809578312
uni,1625700161,2021-07-07 23:22:41,0.0025655714939481285,0.02233523146501345,0.00023926084453296,0.00531182565234864
uni,1625779838,2021-07-08 21:30:38,0.006095149005304679,0.03442629852238219,0.00039811508623152,0.00620792457644592
uni,1625868679,2021-07-09 22:11:19,0.006215736142285764,0.03476517723238976,0.00060821226200016,0.00732225319039872
uni,1625946897,2021-07-10 19:54:57,0.0062628654227602915,0.03489672717625848,0.00079695863324928,0.00828465520380912
uni,1626040877,2021-07-11 22:01:17,0.00590395452377573,0.03388204925370384,0.00101029371294528,0.0093505589472744
uni,1626132221,2021-07-12 23:23:41,0.0055263655534711804,0.03278068202591107,0.00119895008486544,0.01028266828987536
uni,1626219073,2021-07-13 23:31:13,0.0033317410736318867,0.025452704488837744,0.00130421688357888,0.01090760647553568
uni,1626299736,2021-07-14 21:55:36,0.0034175295791379007,0.02577831034523892,0.00140480265978432,0.0115006747375296
uni,1626383746,2021-07-15 21:15:46,0.0038988817323223385,0.02753393632183709,0.00151044045052464,0.01212273332435664
uni,1626477791,2021-07-16 23:23:11,0.004101772135124282,0.02824125797624427,0.00164422791,0.01288022282987904
uni,1626563060,2021-07-17 23:04:20,0.003977333103733364,0.027809569143520122,0.00177434412085728,0.01366843121052048
uni,1626652061,2021-07-18 23:47:41,0.00849603680353958,0.040644923576050075,0.00198016312349664,0.01460191479266304
uni,1626730928,2021-07-19 21:42:08,0.008439592018003803,0.040509683026817525,0.0022377409204176,0.01572590527542144
uni,1626824879,2021-07-20 23:47:59,0.008337231574661215,0.040263270694999784,0.00253352746751328,0.01701366192330192
uni,1626901816,2021-07-21 21:10:16,0.008330373036935288,0.04024670621529931,0.00278590831202016,0.01807211457279216
uni,1626995235,2021-07-22 23:07:15,0.0005949082235295446,0.010755336216809488,0.00289745219511504,0.01867773375313344
uni,1627081477,2021-07-23 23:04:37,0.0006151605148548809,0.010936874050348116,0.00291501644152464,0.01889776259638704
uni,1627171003,2021-07-24 23:56:43,0.0006350842755218363,0.011112574017622194,0.00293031488625264,0.0191036769607368
uni,1627257313,2021-07-25 23:55:13,0.0006030776767673296,0.010828931660256853,0.00294322890947328,0.01928633903158752
uni,1627338635,2021-07-26 22:30:35,0.0009508898327868047,0.013597649385052068,0.00296974773685728,0.01952060549394096
uni,1627429948,2021-07-27 23:52:28,0.0007307695409780869,0.011920353067088356,0.00298614919039776,0.01973743511027904
uni,1627509381,2021-07-28 21:56:21,0.000722927066327321,0.011856217256551383,0.00301088002938912,0.01999354742928
uni,1627597754,2021-07-29 22:29:14,0.0007277686292322138,0.011895852371339359,0.00303061011309072,0.02026317699620928
uni,1627684167,2021-07-30 22:29:27,0.000676767610943902,0.0114714607365259,0.00304688203314192,0.0204904012357656
uni,1627775729,2021-07-31 23:55:29,0.0005688816048050617,0.010517438676454188,0.0030679781958144,0.02076016373828784
uni,1627849221,2021-08-01 20:20:21,0.000723648207675902,0.011862128666954581,0.0030998649297456,0.02107053725272272
uni,1627948786,2021-08-02 23:59:46,0.000723477773589656,0.011860731695486145,0.0031075285940208,0.02130849442613664
uni,1628034673,2021-08-03 23:51:13,0.00077883158430969,0.012306104835459152,0.00370394555505552,0.02159188874719056
uni,1628116408,2021-08-04 22:33:28,0.0007739972601753926,0.012267852465017569,0.00372294863903376,0.02190229450781616
uni,1628207516,2021-08-05 23:51:56,4.577354367709105e-05,0.0029833842529941837,0.00371079990970128,0.02184393107891232
uni,1628293461,2021-08-06 23:44:21,4.553268901412073e-05,0.0029755247537508315,0.00362408888613456,0.02119195576130112
uni,1628376625,2021-08-07 22:50:25,4.724974625328865e-05,0.0030311097483203884,0.00346120663409568,0.02029370995620144
uni,1628457537,2021-08-08 21:18:57,9.057081656373496e-05,0.004196574541672623,0.00326314680534576,0.01926848271798288
uni,1628548268,2021-08-09 22:31:08,0.00013152876321834018,0.005057206501952082,0.00306319308968448,0.01828631680513344
uni,1628637522,2021-08-10 23:18:42,1.972638004573683e-05,0.001958518608684656,0.0028510321195512,0.01719383039785152
uni,1628723867,2021-08-11 23:17:47,1.566186690625751e-05,0.0017451244813816457,0.00265347439154064,0.01610570646825696
uni,1628810879,2021-08-12 23:27:59,3.531851292346992e-05,0.002620617635575011,0.00254208900270528,0.01533260269316592
uni,1628896398,2021-08-13 23:13:18,2.352258663654767e-05,0.002138680974945513,0.00243305871951168,0.0145891641274992
uni,1628983073,2021-08-14 23:17:53,3.058767750517215e-05,0.002438803212816759,0.00231580661732496,0.01379731792797648
uni,1629071658,2021-08-15 23:54:18,3.023371151870514e-05,0.0024246511945443957,0.00217735631553024,0.0128996440313904
uni,1629157228,2021-08-16 23:40:28,2.985668435839138e-05,0.002409485543026741,0.0020464982767224,0.01206005278829328
uni,1629244344,2021-08-17 23:52:24,3.557264950887986e-05,0.002630033492667563,0.00183727748702448,0.01106051733355968
uni,1629322326,2021-08-18 21:32:06,3.510649439722064e-05,0.0026127446135223195,0.00159923103550992,0.00990856633467888
uni,1629414588,2021-08-19 23:09:48,0.00013362321165544345,0.005097316418539793,0.00129865659103296,0.00856302086052864
uni,1629500576,2021-08-20 23:02:56,6.348549575661938e-05,0.0035134934230983696,0.00105401096062416,0.00754086072158496
uni,1629583697,2021-08-21 22:08:17,3.51342018654672e-05,0.0026137755466974257,0.00093320133336576,0.0068563651729824
uni,1629676052,2021-08-22 23:47:32,3.572510220335397e-05,0.002635663425076595,0.00092774257002576,0.00657392057559792
uni,1629762671,2021-08-23 23:51:11,3.605469278690582e-05,0.0026477933534043065,0.00091156298202144,0.00627537304034928
uni,1629837765,2021-08-24 20:42:45,3.086433489286588e-05,0.00244980808311871,0.00089630826952608,0.00602633464066368
uni,1629916413,2021-08-25 18:33:33,0.0001750129591036682,0.0058335819336729315,0.00087720573645648,0.00576905148459072
uni,1630019735,2021-08-26 23:15:35,0.00012771373329008924,0.0049833224547126825,0.00085251767794128,0.0055294207240392
uni,1630103474,2021-08-27 22:31:14,0.000127753713493338,0.004984102396633647,0.00083301382877328,0.00531736639131312
uni,1630175814,2021-08-28 18:36:54,0.0001275871667382245,0.004980852561622608,0.0008168134125024,0.00508235458758336
uni,1630263908,2021-08-29 19:05:08,0.00013483137771910656,0.005120302464999541,0.0008174891879856,0.00486099888699744
uni,1630324435,2021-08-30 11:53:55,0.00013810507389199424,0.005182089607905007,0.00080659946533536,0.00463072287466224
uni,1630409232,2021-08-31 11:27:12,0.00014068968728842064,0.005230355550510621,0.00078756092354016,0.00444932972415072
uni,1630538904,2021-09-01 23:28:24,0.00012826891193765211,0.004994142097100537,0.00075703549655232,0.00419278145053968
uni,1630619875,2021-09-02 21:57:55,0.00012948336060868374,0.005017728643741967,0.00016355213123616,0.00396283354631712
uni,1630713168,2021-09-03 23:52:48,0.00013110081397092963,0.005048971093682195,0.00014301342412848,0.00373868856474048
uni,1630784178,2021-09-04 19:36:18,0.00013062490245919068,0.00503979857819059,0.00013240442801232,0.00362620025507808
uni,1630875054,2021-09-05 20:50:54,0.00013054771523179708,0.005038309330314652,0.00013990137596208,0.00369823525616448
uni,1630972137,2021-09-06 23:48:57,0.0001297533145288912,0.0050229566082560274,0.00014251899925152,0.00376985988401328
uni,1631057904,2021-09-07 23:38:24,0.00041684575204483434,0.009002991993938987,0.00014531215065552,0.00383612667791328
uni,1631145332,2021-09-08 23:55:32,0.00040699758196493835,0.008896006430287965,0.00015720371715312,0.00398351333792016
uni,1631226067,2021-09-09 22:21:07,0.0004071607684354545,0.008897789686507084,0.00016792004730672,0.00415321043188896
uni,1631305090,2021-09-10 20:18:10,0.0004240589616172503,0.009080552982206619,0.00018049831934976,0.00437827746807936
uni,1631400316,2021-09-11 22:45:16,0.0004307541584751211,0.009151955788485803,0.00019465035195312,0.00461865286738512
uni,1631465619,2021-09-12 16:53:39,0.00043286793240021756,0.009174383304386876,0.00020565866793888,0.00480178725070032
uni,1631574807,2021-09-13 23:13:27,0.0004580676827386681,0.00943765290451357,0.00022155684886224,0.00507396940044192
uni,1631652330,2021-09-14 20:45:30,0.00045626303022884535,0.009419043762192627,0.00023518564971408,0.00529556987021472
uni,1631725409,2021-09-15 17:03:29,0.00042837460662819497,0.009126642375767186,0.00024803518213008,0.00550590674638896
uni,1631833597,2021-09-16 23:06:37,0.00042836440352194744,0.009126533685016416,0.0002628179523936,0.0057582260376696
uni,1631917315,2021-09-17 22:21:55,0.00045441224574948024,0.00939991973898975,0.00025812019309968,0.00596561036215104
uni,1632001369,2021-09-18 21:42:49,0.000456655801493925,0.009423096122606419,0.00027181752357168,0.00617870429709264
uni,1632093352,2021-09-19 23:15:52,0.00045802191347597864,0.009437180439511547,0.00028481326981344,0.00636842677849776
uni,1632179525,2021-09-20 23:12:05,0.0004545199222003013,0.009401033325770435,0.00030033599005872,0.00657504651549744
uni,1632267186,2021-09-21 23:33:06,0.0004390738148864104,0.00923991493764823,0.00029896133865696,0.00680591260076688
uni,1632339865,2021-09-22 19:44:25,2.065212950722317e-05,0.0020039482667276627,0.00029764109915424,0.00683844180185808
uni,1632404133,2021-09-23 13:35:33,0.0008986464843150835,0.013218834183180983,0.00031220446337424,0.00700327481283072
uni,1632525279,2021-09-24 23:14:39,0.0008982586263518986,0.013215981233650528,0.00034663974571728,0.00739983165074496
uni,1632613452,2021-09-25 23:44:12,0.0008829588189254083,0.013102945637582242,0.0003692722868064,0.0076214684181384
uni,1632694223,2021-09-26 22:10:23,0.0008759818462496848,0.013051074472146628,0.00039690166168368,0.00793424972383344
uni,1632771236,2021-09-27 19:33:56,0.0008644389052534433,0.012964801374740861,0.00041834497768992,0.00816637516867296
uni,1632873335,2021-09-28 23:55:35,0.0008321572115558979,0.012720418672415554,0.00042562390938768,0.00846016154181504
uni,1632959565,2021-09-29 23:52:45,0.0008231363861011229,0.012651284287239745,0.00044040149607888,0.0085993288237152
uni,1633040704,2021-09-30 22:25:04,0.0008860921309672609,0.013126173607656616,0.00046736829171216,0.00891310274330112
uni,1633132389,2021-10-01 23:53:09,0.0008666836098251979,0.012981623349049332,0.00049965230891808,0.00925925136722208
uni,1633218524,2021-10-02 23:48:44,0.0005497591680982273,0.01033915810248463,0.0005186231388216,0.00946516177695744
uni,1633301073,2021-10-03 22:44:33,0.0005751474910139216,0.010575198410355499,0.0005339430674496,0.00965606391983808
uni,1633378254,2021-10-04 20:10:54,0.0005472648839386446,0.010315676838356424,0.00054101581867152,0.00972348508397232
uni,1633476600,2021-10-05 23:30:00,0.0003658891108020702,0.008434783270682138,0.0005482497617424,0.00992007149498352
uni,1633562420,2021-10-06 23:20:20,0.0002912838240879825,0.007525881344646368,0.00055774935512208,0.01005266293999056
uni,1633645709,2021-10-07 22:28:29,0.0003826995567969934,0.008626368899032875,0.00056383289897184,0.01014287116909104
uni,1633736843,2021-10-08 23:47:23,0.0003883431753335161,0.008689742064060273,0.00056098304047872,0.01012858737466464
uni,1633815195,2021-10-09 21:33:15,0.00039237729717773876,0.008734760120108024,0.00056056034959488,0.01012346900270928
uni,1633888715,2021-10-10 17:58:35,0.0003923585031404394,0.008734550929167091,0.0005538277217016,0.00997605948824784
uni,1633980682,2021-10-11 19:31:22,0.0003892950175555507,0.008700384994467635,0.00055945841899824,0.01010531641090752
uni,1634058715,2021-10-12 17:11:55,0.00038509013281407955,0.008653269913550019,0.00055746512714592,0.01008581394900816
uni,1634149640,2021-10-13 18:27:20,0.00036869200628889594,0.008467026431068413,0.00055630687293792,0.01007009045923392
uni,1634241597,2021-10-14 19:59:57,0.00036834755198761197,0.008463070278820617,0.00055264375083168,0.01003273422742368
uni,1634332723,2021-10-15 21:18:43,0.0004698747340656197,0.009558507699860759,0.00055216903153968,0.010030178979504
uni,1634413994,2021-10-16 19:53:14,0.0004686776569052965,0.009546324020388151,0.00055470081636,0.0100524633546384
uni,1634510130,2021-10-17 22:35:30,0.00037444757916043367,0.008532861699949927,0.00055585762653456,0.0100501399556064
uni,1634562258,2021-10-18 13:04:18,0.0003645666467510152,0.00841952669801249,0.00055559363394816,0.01004132042061408
uni,1634685428,2021-10-19 23:17:08,0.00036159711486083294,0.008385166711780918,0.000548402612004,0.00995038703033904
uni,1634757389,2021-10-20 19:16:29,0.0003570562074005825,0.008332350430740609,0.00054528300182016,0.00995688776645568
uni,1634851838,2021-10-21 21:30:38,0.0003465943545745711,0.008209372695328775,0.00054202931191728,0.00992200101852096
uni,1634940271,2021-10-22 22:04:31,0.00045240333875939655,0.00937912093808578,0.00054910037217888,0.01007075338348176
uni,1635015760,2021-10-23 19:02:40,0.00045089143653692095,0.009363435618090023,0.00054557787950352,0.01007811351123408
uni,1635115466,2021-10-24 22:44:26,0.00045369375997531865,0.00939248770505817,0.00052545634290288,0.00990387411972912
uni,1635195537,2021-10-25 20:58:57,0.00044473899403247447,0.009299333832421517,0.00051431381474688,0.00983062343548656
uni,1635257652,2021-10-26 14:14:12,0.0004497119780385091,0.0093511809622694,0.00049886482913856,0.00965965971258432
uni,1635376195,2021-10-27 23:09:55,0.0004304441521801051,0.009148663195076028,0.00048550923758448,0.00954490488411168
uni,1635452764,2021-10-28 20:26:04,0.0004717332446033154,0.009577396689691582,0.00046930944604176,0.00940105176100272
uni,1635538225,2021-10-29 20:10:25,0.0005484966580245318,0.010327286570715489,0.00046325372892768,0.00938254443965856
uni,1635632866,2021-10-30 22:27:46,0.0005494611895710635,0.010336362849930053,0.00044948959890048,0.00923256528645456
uni,1635675383,2021-10-31 10:16:23,0.000517773846768925,0.010033889972226024,0.00043927773563232,0.0091040704429032
uni,1635794752,2021-11-01 19:25:52,0.0005188657557434773,0.010044464399204728,0.00043354834295472,0.00907032086893728
uni,1635873691,2021-11-02 17:21:31,0.0005065912863400977,0.009924943872939778,0.00043183695897504,0.0090537352073136
uni,1635975235,2021-11-03 21:33:55,0.0004931822544643781,0.009792710646839555,0.00043786423282464,0.00912599115623856
uni,1636043144,2021-11-04 16:25:44,0.0004968986727219765,0.00982953833005196,0.00043799259349008,0.00908761391457696
uni,1636156327,2021-11-05 23:52:07,0.000493601610791178,0.009796873415661123,0.00044309646519264,0.00914335654293936
uni,1636237577,2021-11-06 22:26:17,0.000578110015763094,0.01060240672735973,0.00047033184978432,0.00921038142632832
uni,1636315521,2021-11-07 20:05:21,0.0005780678740925231,0.01060202028504366,0.00047662705569744,0.00927245388807792
uni,1636412848,2021-11-08 23:07:28,0.0005421245859971278,0.010267124894959399,0.00048154434844032,0.00932542204128624
uni,1636481443,2021-11-09 18:10:43,0.0005327824899466293,0.010178276971019938,0.00049197478110192,0.00950864876957808
uni,1636565549,2021-11-10 17:32:29,0.0005571901598928858,0.010408808355871572,0.00049016690232336,0.00941665588764768
uni,1636671765,2021-11-11 23:02:45,0.0005716478370916305,0.01054298469175483,0.00049639886310384,0.0094832592091416
uni,1636744109,2021-11-12 19:08:29,0.0005665592414279732,0.010495955188092094,0.00050232784460256,0.0095412442710096
uni,1636824720,2021-11-13 17:32:00,0.0005968736076300205,0.010773094155438393,0.0005096809341504,0.0096146687845224
uni,1636913382,2021-11-14 18:09:42,0.000597024948365848,0.010774459857799425,0.00051464697177312,0.009662663567988
uni,1636998439,2021-11-15 17:47:19,0.0007567362726517315,0.01213029639365273,0.00052046726760144,0.00970826347891584
uni,1637099125,2021-11-16 21:45:25,0.0008090879830086615,0.012542872645394923,0.00053168499177264,0.00982430561731536
uni,1637189183,2021-11-17 22:46:23,0.0013602428313233914,0.016263251038547658,0.00055008801189648,0.009982320418944
uni,1637267561,2021-11-18 20:32:41,0.0011400983979713353,0.014889168434682255,0.00058022868738528,0.0102525911149608
uni,1637355152,2021-11-19 20:52:32,0.0011551664088353076,0.014987235817007888,0.0006042233235024,0.01043093997114048
uni,1637448963,2021-11-20 22:56:03,0.0009589219705616977,0.013654974706106209,0.00063275696322048,0.01067008211227728
uni,1637517826,2021-11-21 18:03:46,0.0009821779629568476,0.013819564536833633,0.00065175326822016,0.01083770553606768
uni,1637616593,2021-11-22 21:29:53,0.0011161885923531578,0.014732213275337917,0.00067172758941168,0.0110048547347352
uni,1637711932,2021-11-23 23:58:52,0.0011138812280823453,0.014716978382920206,0.00069646763659968,0.0112043839323168
uni,1637784529,2021-11-24 20:08:49,0.0011270912423830795,0.014803989413941843,0.0007163709812928,0.01136455292972304
uni,1637872079,2021-11-25 20:27:59,0.001064159048702898,0.014384757621768567,0.00073333758959712,0.01151636532705648
uni,1637969363,2021-11-26 23:29:23,0.0010865338320083092,0.014535195385191447,0.00075969644557536,0.01173055286646
uni,1638054340,2021-11-27 23:05:40,0.0010876972206438384,0.014542974964978184,0.00078001915032,0.01189781093812176
uni,1638124141,2021-11-28 18:29:01,0.0011144687797828468,0.014720860616427998,0.0007981607672784,0.01204160866036272
uni,1638187068,2021-11-29 11:57:48,0.0009332520294904541,0.013470965305312926,0.00081381028747248,0.012161489562828
uni,1638271889,2021-11-30 11:31:29,0.0009372528906491773,0.013499809507910772,0.00083901770795664,0.01223837127877392
uni,1638347473,2021-12-01 08:31:13,0.0009355049620769926,0.01348721540531351,0.00085680663417504,0.01237661149467456
uni,1638486696,2021-12-02 23:11:36,0.0009388206586120189,0.013511095741541601,0.00087155427648816,0.0125098707239424
uni,1638529068,2021-12-03 10:57:48,0.0009131873569845332,0.013325367568536597,0.00088466572673712,0.01263176600354496
uni,1638640427,2021-12-04 17:53:47,0.0007418249461549666,0.012010197178667671,0.00089352750861648,0.0127186534543176
uni,1638746220,2021-12-05 23:17:00,0.00225371170166336,0.02093379181680587,0.00093072458927232,0.01296799356112272
uni,1638796599,2021-12-06 13:16:39,0.002255332174983457,0.02094131641477101,0.00094922343783936,0.01322492773035888
uni,1638905799,2021-12-07 19:36:39,0.0023214886513302875,0.02124623577822192,0.00101610091754928,0.0136327667340528
uni,1638987808,2021-12-08 18:23:28,0.002326452229801025,0.02126893695283421,0.00107584526721168,0.01400499095381568
uni,1639083272,2021-12-09 20:54:32,0.002373502065345677,0.021482930308498044,0.001136099797452,0.01437245010952272
uni,1639164220,2021-12-10 19:23:40,0.005725090457437333,0.03336487928936792,0.00120256024730544,0.0147551217078168
uni,1639267061,2021-12-11 23:57:41,0.005787027418835076,0.03354487252517114,0.00141142472971488,0.01568110721333616
uni,1639324621,2021-12-12 15:57:01,0.008390206181036348,0.04039100811182398,0.00158052673589472,0.01635018152706432
uni,1639430850,2021-12-13 21:27:30,0.0017398053471622819,0.01839286738853122,0.00189341350301952,0.0174852827159472
uni,1639487260,2021-12-14 13:07:40,0.0017416355293264226,0.018402539023090386,0.0019392620481864,0.01774585805098032
uni,1639612564,2021-12-15 23:56:04,0.001742451160154794,0.018406847590213864,0.00197187733246608,0.01800014350180032
uni,1639683683,2021-12-16 19:41:23,0.0015978345462237906,0.017626458680616644,0.00200879234946144,0.01821585736247472
uni,1639774001,2021-12-17 20:46:41,0.00499591137036138,0.031167784027118544,0.00203610716598384,0.01837554495684912
uni,1639858073,2021-12-18 20:07:53,0.0047938866897883105,0.03053109955891319,0.00215601109004448,0.01888125298855776
uni,1639957412,2021-12-19 23:43:32,0.005028573846561197,0.0312695031382013,0.00257050377850896,0.01947653140633056
uni,1640018554,2021-12-20 16:42:34,0.0029109797645973405,0.02379129909167832,0.00265739153738832,0.01979044438107024
uni,1640122678,2021-12-21 21:37:58,0.0008285144324501452,0.012692562267503786,0.0027125525514024,0.0201431741329944
uni,1640215199,2021-12-22 23:19:59,0.0007899563270263328,0.012393696036696792,0.00270856855396512,0.02009881145534832
uni,1640298573,2021-12-23 22:29:33,0.0007836186960484507,0.012343880092513856,0.0027040906794312,0.02002751576090928
uni,1640387597,2021-12-24 23:13:17,0.0008148439014094124,0.012587414015380516,0.00268627172526432,0.01992893512999248
uni,1640401665,2021-12-25 03:07:45,0.0008148523099157687,0.01258747896075039,0.002731447246464,0.02007560772697392
uni,1640559661,2021-12-26 23:01:01,0.0007957597494773392,0.012439138145620792,0.0026760091360248,0.01982476482065424
uni,1640648235,2021-12-27 23:37:15,0.0008407119204335206,0.012785651846554424,0.00266493747052224,0.01975400218742256
uni,1640724064,2021-12-28 20:41:04,0.0008333517063795968,0.012729561354106684,0.00265512318665184,0.01968766165383984
uni,1640818736,2021-12-29 22:58:56,2.628958905590974e-05,0.0022609859524849295,0.00260591993389008,0.01928129694836976
uni,1640900167,2021-12-30 21:36:07,2.582128670112839e-05,0.002240757719479158,0.00258258416680656,0.018940348632924
uni,1640994023,2021-12-31 23:40:23,2.581824934430638e-05,0.0022406259251164687,0.0025388073451008,0.01849419048034944
uni,1641063116,2022-01-01 18:51:56,2.572515127461693e-05,0.002236582534167167,0.00255770237507472,0.01830354319186848
uni,1641164971,2022-01-02 23:09:31,1.831927915248819e-05,0.0018873896358852626,0.00248599538938512,0.01777848987778416
uni,1641220943,2022-01-03 14:42:23,1.862564984423949e-05,0.0019031065226360762,0.00250260293415456,0.0176425873713216
uni,1641336051,2022-01-04 22:40:51,1.378714124773215e-05,0.0016373668786890123,0.00243788319581472,0.01701201554889408
uni,1641419641,2022-01-05 21:54:01,1.372731370332235e-05,0.0016338104367682456,0.0023636728833912,0.01644166318741344
uni,1641508082,2022-01-06 22:28:02,1.352590094190732e-05,0.0016217801547160097,0.0023802072775704,0.01574562687656976
uni,1641588864,2022-01-07 20:54:24,1.368485374508879e-05,0.0016312817048764112,0.00230849465450544,0.015132601019448
uni,1641682979,2022-01-08 23:02:59,1.372824519567162e-05,0.0016338658680252237,0.00232062479021232,0.01441651582148688
uni,1641746823,2022-01-09 16:47:03,1.346782214010631e-05,0.0016182945246999685,0.00225340774157664,0.013852234491948
uni,1641851468,2022-01-10 21:51:08,1.346693168509685e-05,0.0016182410249348399,0.00202087157849568,0.01256555833176096
uni,1641942848,2022-01-11 23:14:08,1.350839342580458e-05,0.001620730220431776,0.00182081070129888,0.01159815555643824
uni,1641994473,2022-01-12 13:34:33,1.345857303542548e-05,0.001617738741137589,0.00150756806933568,0.01022526293253552
uni,1642111666,2022-01-13 22:07:46,1.345352199526828e-05,0.0016174351408893748,0.0014313835320408,0.00965576452209984
uni,1642158174,2022-01-14 11:02:54,1.701063900532734e-05,0.001818729181961504,0.00139020892229664,0.00907904972878416
uni,1642290829,2022-01-15 23:53:49,1.75525040098485e-05,0.0018474694767052304,0.00133293360018384,0.00847276496318736
uni,1642364154,2022-01-16 20:15:54,1.689487775181709e-05,0.0018125301754741258,0.00128055026506608,0.0079412806942704
uni,1642447481,2022-01-17 19:24:41,1.693676830749338e-05,0.0018147757847423417,0.00112060533503952,0.00697860423535104
uni,1642534904,2022-01-18 19:41:44,4.323058840438011e-05,0.0028993436085330477,0.00070128634181472,0.00594005958589824
uni,1642592659,2022-01-19 11:44:19,4.414944680371228e-05,0.002929994129330603,0.00075075307659504,0.00540365511315024
uni,1642722899,2022-01-20 23:54:59,5.741054184742757e-05,0.003341174774433381,0.00062864311125744,0.00452078004306672
uni,1642808407,2022-01-21 23:40:07,6.315368767058035e-05,0.0035043117721794866,0.00062014277388096,0.00419884244993376
uni,1642893140,2022-01-22 23:12:20,3.004024332169625e-05,0.0024168947003707915,0.000633891867228,0.00393104116935936
uni,1642968074,2022-01-23 20:01:14,5.188714410216814e-05,0.0031763904721295922,0.00060734794002624,0.00357394939828128
uni,1643036962,2022-01-24 15:09:22,6.908949949602235e-05,0.003665297237415474,0.00059240562598512,0.00354394261234944
uni,1643132879,2022-01-25 17:47:59,6.876470280240147e-05,0.003656671618381008,0.000559658149416,0.00299632993741008
uni,1643233121,2022-01-26 21:38:41,6.469270483297463e-05,0.003546752023101114,0.0005313939841872,0.00268855850500848
uni,1643301111,2022-01-27 16:31:51,0.0002190973593466048,0.00652708584120394,0.0005093503879896,0.00242864488040256
uni,1643357009,2022-01-28 08:03:29,0.00021875600462032446,0.006521999242698005,0.0005135329997856,0.00242901171756144
uni,1643500026,2022-01-29 23:47:06,0.00022415171774320042,0.006601943281087359,0.00048871844848224,0.0026608720389336
uni,1643576704,2022-01-30 21:05:04,0.0002252305430027202,0.006617811538850066,0.00049731454523808,0.0027881551145232
uni,1643648957,2022-01-31 17:09:17,0.00023481294137118512,0.006757121300549571,0.00050327947052352,0.00295088406565104
uni,1643648957,2022-01-31 17:09:17,0.00023481294137118512,0.006757121300549571,0.00052277151261312,0.00296027210736864
uni,1643820683,2022-02-02 16:51:23,0.00023497868294492704,0.00675950561912725,0.00051463246994352,0.00323455090031856
uni,1643893220,2022-02-03 13:00:20,0.0002421680765310329,0.0068621325857760275,0.0005289854300712,0.00339729368029776
uni,1643978295,2022-02-04 12:38:15,0.000245067348263221,0.006903087603509572,0.0005786630454528,0.00351275348406672
uni,1644103571,2022-02-05 23:26:11,0.0002449209871686006,0.006901025533625796,0.00049141852548192,0.00380462059863936
uni,1644153611,2022-02-06 13:20:11,0.00022835125203109048,0.006663500494696682,0.00050147276551488,0.00393105278280672
uni,1644269162,2022-02-07 21:26:02,0.0002288583004548252,0.006670894394973487,0.00040996904415696,0.00412281278278128
uni,1644338757,2022-02-08 16:45:57,0.00020200913212055374,0.006267382914388891,0.00041514824464128,0.00426390434188992
uni,1644432937,2022-02-09 18:55:37,0.00020201638956094742,0.006267495494542322,0.00042365574415872,0.00444432094957152
uni,1644493357,2022-02-10 11:42:37,0.00019060982995866544,0.006087983346289034,0.00043301434418208,0.00458741052273312
uni,1644623085,2022-02-11 23:44:45,0.00019038822841113093,0.0060844434257471495,0.00042782668479648,0.0046731461270976
uni,1644692231,2022-02-12 18:57:11,0.000187895659415252,0.006044483358067362,0.00044173674387936,0.00489673069187904
uni,1644758223,2022-02-13 13:17:03,0.00018796519268861537,0.0060456016807103495,0.00044319486350448,0.00498315560130144
uni,1644875901,2022-02-14 21:58:21,0.0001731076740294047,0.005801749463868334,0.00043420836431376,0.00519117898358592
uni,1644944237,2022-02-15 16:57:17,0.00017113841494984994,0.005768654950041758,0.00043910235731376,0.00530226339472944
uni,1644996741,2022-02-16 07:32:21,0.0001711737892795129,0.005769251109754902,0.00044753075949744,0.00544171418810784
uni,1645137474,2022-02-17 22:37:54,0.0003317998833218913,0.00803226599070597,0.00040860927490896,0.00556815442373136
uni,1645201394,2022-02-18 16:23:14,0.0003318820183301603,0.008033260097483643,0.00027337546788192,0.00568724216836032
uni,1645310813,2022-02-19 22:46:53,0.0003602531076443479,0.00836958330602426,0.0002870407224576,0.00591471387690048
uni,1645373601,2022-02-20 16:13:21,0.0005483612673936047,0.010326019665786702,0.00027897515646048,0.00602832852444672
uni,1645487587,2022-02-21 23:53:07,0.0005696983787921587,0.010524998779684363,0.0002649466749672,0.00635611969145664
uni,1645566248,2022-02-22 21:44:08,0.000338582651024052,0.008113952043873234,0.00027841670435808,0.00657489522153744
uni,1645656018,2022-02-23 22:40:18,0.0003479731849138961,0.008225700806996205,0.0002860884062136,0.00669250122796944
uni,1645731235,2022-02-24 19:33:55,0.0004284128398755096,0.009127063102896016,0.00029701541293056,0.00686120865603264
uni,1645833306,2022-02-25 23:55:06,0.0001993488062177537,0.006225977823971836,0.00030918950603712,0.00704229109810416
uni,1645888310,2022-02-26 15:11:50,0.00020609581865945435,0.006330460903867445,0.00031312951769232,0.00712009629346032
uni,1645994522,2022-02-27 20:42:02,0.0002102274583635459,0.006393599981650085,0.00030957042055104,0.00706269850886016
uni,1646088619,2022-02-28 22:50:19,0.00016762161755592639,0.005709079680073681,0.0003140820288288,0.00713336640164064
uni,1646160356,2022-03-01 18:45:56,7.883794527893108e-05,0.003915346619480737,0.00031068943861392,0.0070737403154472
uni,1646194946,2022-03-02 04:22:26,7.889063304032379e-05,0.003916654723293119,0.00030925741439808,0.00702606371035392
uni,1646319377,2022-03-03 14:56:17,0.00020698176378607417,0.006344049997130276,0.0002992859241984,0.00689522849478
uni,1646375135,2022-03-04 06:25:35,0.00020685239359568712,0.0063420670840370905,0.000301740295392,0.00689199094973232
uni,1646491803,2022-03-05 14:50:03,0.0002074304053295167,0.006350921784468723,0.00029954295931248,0.00687668113154592
uni,1646601570,2022-03-06 21:19:30,0.00019909573343124685,0.006222021848141851,0.00025592658520608,0.00690543082849968
uni,1646686597,2022-03-07 20:56:37,0.0001924608506954413,0.006117468025429658,0.00025004083357152,0.0067511521586016
uni,1646758585,2022-03-08 16:56:25,0.00021758339836136178,0.006504489641687743,0.00025020433953216,0.00677457303188832
uni,1646849483,2022-03-09 18:11:23,0.0002250315837855626,0.006614881182096504,0.00025045293308976,0.00677927868464304
uni,1646917113,2022-03-10 12:58:33,0.0002273825088492462,0.0066493443856631175,0.00024953781071952,0.00675036049431024
uni,1647014880,2022-03-11 16:08:00,0.00023288974079797454,0.0067293861488318405,0.00025239590010864,0.00682223232781728
uni,1647113791,2022-03-12 19:36:31,0.000232873693135648,0.006729154294131209,0.00025326384966864,0.00683290994469264
uni,1647209764,2022-03-13 22:16:04,0.00024727213747908,0.0069340630636298625,0.00025754812091424,0.00691969088893248
uni,1647281979,2022-03-14 18:19:39,0.00024645569465842575,0.0069226061568541915,0.000257598410112,0.00689550233700528
uni,1647388119,2022-03-15 23:48:39,0.0002590881915325579,0.007097803083640411,0.0002618477505072,0.00692249026964256
uni,1647447198,2022-03-16 16:13:18,0.00027783378035852114,0.007350088688744017,0.00026560744183728,0.00697302538544592
uni,1647549121,2022-03-17 20:32:01,0.00025738256128458176,0.007074401122426628,0.00026817103449792,0.00701413313035536
uni,1647623101,2022-03-18 17:05:01,0.0002574320456273457,0.007075081151294885,0.00026599487137344,0.00693593985266784
uni,1647698425,2022-03-19 14:00:25,0.0002745271614427914,0.0073062193907087345,0.00026847417335184,0.0069791185799424
uni,1647774246,2022-03-20 11:04:06,0.0001163879786177853,0.004757242587293544,0.00026541130715424,0.00696189864484224
uni,1647900403,2022-03-21 22:06:43,0.0001160832789936323,0.004751011357651527,0.00025570674018144,0.00682391246308992
uni,1647991944,2022-03-22 23:32:24,0.00010245911081972617,0.004463510090063983,0.00024810764523552,0.00670379195861136
uni,1648079105,2022-03-23 23:45:05,0.00011058956204946953,0.0046372244118137364,0.00022781274388992,0.00645344422772544
uni,1648163991,2022-03-24 23:19:51,0.0001457640867152169,0.005323851612466114,0.00021555633614688,0.00627403451879664
uni,1648163991,2022-03-24 23:19:51,0.0001457640867152169,0.005323851612466114,0.00021079908513504,0.00620383033167552
uni,1648333349,2022-03-26 22:22:29,0.00010433606008124946,0.004504207670624406,0.00020118336232752,0.00608289313688208
uni,1648423389,2022-03-27 23:23:09,9.43361391766791e-05,0.0042829244327385095,0.00019068353532864,0.00594053530425072
uni,1648501616,2022-03-28 21:06:56,9.396476176312773e-05,0.0042744857243127415,0.00018708294942576,0.00586845679452192
uni,1648585923,2022-03-29 20:32:03,9.930736511159711e-05,0.004394323218558143,0.00018462326378544,0.00583842792645216
uni,1648665629,2022-03-30 18:40:29,0.00012731313696431133,0.00497550970948825,0.00017835312331584,0.00571726486578096
uni,1648739456,2022-03-31 15:10:56,0.00014305017157456478,0.005274058985988967,0.00017989097635584,0.00574988951688336
uni,1648853374,2022-04-01 22:49:34,0.00010941503079142474,0.004612535109801043,0.00017826689916144,0.0057273937966224
uni,1648903372,2022-04-02 12:42:52,0.00010930107047485989,0.004610132409454514,0.00018093143698128,0.00577854781462512
uni,1648903372,2022-04-02 12:42:52,0.00010930107047485989,0.004610132409454514,0.00018019847285424,0.00576601091718336
uni,1649093612,2022-04-04 17:33:32,0.00011780694794690983,0.0047861537628528595,0.0001738298583864,0.0056559520618056
uni,1649159050,2022-04-05 11:44:10,0.0001168951569625371,0.004767596073119772,0.0001712347782912,0.00560939041262304
uni,1649267963,2022-04-06 17:59:23,0.00011098053333304464,0.004645416822141846,0.00016904669329728,0.00557323039616544
uni,1649363673,2022-04-07 20:34:33,0.00011293163086307136,0.004686071698921317,0.00016449518630304,0.00549592228574784
uni,1649439995,2022-04-08 17:46:35,0.00011829319271129102,0.004796020247236139,0.00016089536546352,0.0054295691197896
uni,1649547584,2022-04-09 23:39:44,0.00011987087665666741,0.0048278967164304635,0.00015835924633536,0.00540178057231344
uni,1649590373,2022-04-10 11:32:53,0.00011993854570317502,0.004829259237030269,0.00015313136183568,0.00528660671491728
uni,1649719929,2022-04-11 23:32:09,0.00011997910942500845,0.004830075805340932,0.00014808772704672,0.00520897514100912
uni,1649754467,2022-04-12 09:07:47,0.0001163530968899355,0.0047565284662823785,0.00014409195974352,0.00514050021184176
uni,1649865910,2022-04-13 16:05:10,0.00011629216722842074,0.00475528289644541,0.00014002386430896,0.00507401225534304
uni,1649917312,2022-04-14 06:21:52,0.00011645123030730482,0.00475853389591808,0.00013173558130368,0.00498524527820736
uni,1650015648,2022-04-15 09:40:48,0.00011649802863085219,0.004759489956913042,0.00012794541768288,0.00492427340614368
uni,1650130671,2022-04-16 17:37:51,0.00011724209520667672,0.0047746650688924855,0.00012190461110496,0.00482633054919936
uni,1650238652,2022-04-17 23:37:32,0.00011996153240960411,0.004829721963645099,0.0001217720034864,0.0048671593991856
uni,1650324675,2022-04-18 23:31:15,0.00014906245185292082,0.005383750470981861,0.00011753720844048,0.00479181757035168
uni,1650353718,2022-04-19 07:35:18,0.00014906245185292082,0.005383750470981861,0.000113262852744,0.00466457494535856
uni,1650496667,2022-04-20 23:17:47,0.00014914386407275022,0.005385220469395223,0.00011197976044176,0.00458585952927264
uni,1650496667,2022-04-20 23:17:47,0.00014914386407275022,0.005385220469395223,0.0001129870830384,0.00462336592636944
uni,1650654716,2022-04-22 19:11:56,0.00016710525111853942,0.00570027329027374,0.00013803045987312,0.00480745845346608
uni,1650654716,2022-04-22 19:11:56,0.00016710525111853942,0.00570027329027374,0.00013945842445968,0.004835706682608
uni,1650835916,2022-04-24 21:31:56,0.00025644351926268816,0.00706149253407433,0.00014174937010944,0.00490082031157968
uni,1650926981,2022-04-25 22:49:41,0.00020991299521671525,0.006388819368842937,0.00014447796700608,0.0049224809383776
uni,1651013089,2022-04-26 22:44:49,0.0012988560534975399,0.015892037751892824,0.00015332375477232,0.00499847015178
uni,1651080204,2022-04-27 17:23:24,0.0012517841559517462,0.015601409017373023,0.00018785814877152,0.00534523544231328
uni,1651189067,2022-04-28 23:37:47,0.0012786756345577548,0.0157680973474915,0.00023560559128944,0.00580900494945888
uni,1651268030,2022-04-29 21:33:50,0.0012789851893689212,0.01577000588088347,0.00027094477770144,0.00614456702175024
uni,1651362281,2022-04-30 23:44:41,0.0012812746301394408,0.01578411407659315,0.00031380204843648,0.00651991573977696
uni,1651407022,2022-05-01 12:10:22,0.0013064607933889118,0.015938493618868108,0.00036701998442496,0.0067652238671208
uni,1651530771,2022-05-02 22:32:51,0.001655006669266962,0.01793902393631781,0.00041310296348544,0.00718881678116064
uni,1651580880,2022-05-03 12:28:00,0.0017267756422260944,0.01832385608306366,0.00044370963351648,0.00746389274427216
uni,1651688479,2022-05-04 18:21:19,0.0017349175424612741,0.018367004464648697,0.0005099177758176,0.00800039516846688
uni,1651759938,2022-05-05 14:12:18,0.0016176599839171815,0.017735464780505382,0.0005466774603528,0.00829841765801328
uni,1651842516,2022-05-06 13:08:36,0.00034711882703036216,0.008215601960667944,0.00057635655791616,0.00867659104862208
uni,1651964658,2022-05-07 23:04:18,0.0004037075828483871,0.008859997087317838,0.00058450076807472,0.00880738539007104
uni,1652046364,2022-05-08 21:46:04,0.0005772487293908418,0.010594519887526755,0.00059499441117936,0.0089629607581632
uni,1652138957,2022-05-09 23:29:17,0.000718380307724299,0.0118188930401284,0.00063578055227616,0.00922035522874752
uni,1652217235,2022-05-10 21:13:55,0.00048343941254953653,0.009695517583238186,0.00064152383372352,0.0093249581391576
uni,1652311931,2022-05-11 23:32:11,0.000581573698618069,0.010634139056078,0.00070655757948432,0.0095666540876496
uni,1652394858,2022-05-12 22:34:18,0.0006696339068481844,0.011410867282954684,0.00071175949944912,0.00967529724657552
uni,1652481922,2022-05-13 22:45:22,0.0008411039423364754,0.012788648190391917,0.000741398099112,0.00997440074163648
uni,1652572392,2022-05-14 23:53:12,0.000832449497822664,0.012722684385501762,0.00075769187234976,0.0101854493847
uni,1652617201,2022-05-15 12:20:01,0.0008141655078576815,0.012582188454813851,0.00078282383254704,0.01043127110670912
uni,1652699954,2022-05-16 11:19:14,0.0008163460030322698,0.012599025973816192,0.00081366388789968,0.0107546212531008
uni,1652806654,2022-05-17 16:57:34,0.0009894281680530085,0.013870495398921595,0.000843210585036,0.0110833241615064
uni,1652910592,2022-05-18 21:49:52,0.0008895096416707259,0.013151500462970969,0.00087245970721488,0.01139047919503632
uni,1652978453,2022-05-19 16:40:53,0.0010751000660577353,0.014458532679323217,0.00088519131675072,0.01158094115243712
uni,1653036081,2022-05-20 08:41:21,0.0011005528635186286,0.014628683063607264,0.00093393581374368,0.01209786775537392
uni,1653165622,2022-05-21 20:40:22,0.0010928539554452136,0.014577425869296199,0.00094205924167824,0.0122216319803808
uni,1653239471,2022-05-22 17:11:11,0.0011278056032098767,0.014808698853162999,0.00097208456320944,0.01254063161605104
uni,1653339063,2022-05-23 20:51:03,0.0009334624247686371,0.013472502528669784,0.00097279598982528,0.01258969042888704
uni,1653403586,2022-05-24 14:46:26,0.0009429281270665543,0.013540638333988358,0.00101611928380032,0.01291640149641168
uni,1653507627,2022-05-25 19:40:27,0.001057047928830373,0.01433662947242538,0.00105848394833952,0.01337814816562656
uni,1653609001,2022-05-26 23:50:01,0.0010761035277163206,0.01446527643350332,0.00106711430328288,0.01344122858605392
uni,1653694915,2022-05-27 23:41:55,0.001080503727508339,0.014494820601653732,0.00107300925617616,0.0135637747724808
uni,1653781457,2022-05-28 23:44:17,0.0011107577199042037,0.01469634553186209,0.00106665289186752,0.013517839354464
uni,1653857832,2022-05-29 20:57:12,0.0009429147349291977,0.013540537188243686,0.00106143172390512,0.0134835515656776
uni,1653904199,2022-05-30 09:49:59,0.0009394511489702618,0.01351564524198983,0.00104830049585376,0.013399607697444
uni,1653904199,2022-05-30 09:49:59,0.0009394511489702618,0.01351564524198983,0.00101627352606096,0.01335631177198656
uni,1654115962,2022-06-01 20:39:22,0.0009448905876115559,0.013554716675213569,0.00099932345744256,0.01329760220047776
uni,1654187244,2022-06-02 16:27:24,0.0009259656567384923,0.013418288239826038,0.0009569968849224,0.0130408593207336
uni,1654187244,2022-06-02 16:27:24,0.0009259656567384923,0.013418288239826038,0.00097733564496,0.01313733382556688
uni,1654329854,2022-06-04 08:04:14,0.0009260498827714493,0.013418898487601633,0.0009405032699448,0.01298298370392288
uni,1654430188,2022-06-05 11:56:28,0.0009285237485256685,0.013436810271012777,0.00093676872889008,0.01289029357364688
uni,1654553882,2022-06-06 22:18:02,0.0009284048362126044,0.013435949847975817,0.00092382722961408,0.01255707374377824
uni,1654643858,2022-06-07 23:17:38,0.002063220171431756,0.02002957987296483,0.00101672641771056,0.01352684086636752
uni,1654643858,2022-06-07 23:17:38,0.002063220171431756,0.02002957987296483,0.00101026304986176,0.01359467524134864
uni,1654769082,2022-06-09 10:04:42,0.0020893522218119313,0.020156024702763384,0.00107616694734144,0.0140115231779976
uni,1654890099,2022-06-10 19:41:39,0.0020992827369400928,0.020203868164197135,0.00109099603673568,0.01436403706537104
uni,1654985792,2022-06-11 22:16:32,0.0018074457231191652,0.018746986941905647,0.00114279518227536,0.01472517626886576
uni,1655073879,2022-06-12 22:44:39,0.0018397990775943787,0.01891402829435498,0.00117589922630496,0.01494326212397136
uni,1655161289,2022-06-13 23:01:29,0.10546699283183607,0.27080904646663156,0.00272796232640976,0.01866750926222016
uni,1655247541,2022-06-14 22:59:01,0.1618889497438079,0.3968477638397609,0.007407754807104,0.02989512986100192
uni,1655335922,2022-06-15 23:32:02,0.09791544936059318,0.25310628408881464,0.01112219583845184,0.03882728165231664
uni,1655417755,2022-06-16 22:15:55,0.04804624904130572,0.13026375837766319,0.0132558580694952,0.04409207455557744
uni,1655499958,2022-06-17 21:05:58,0.0002898258818759511,0.007507040943315585,0.01420697543681952,0.04643141862942
uni,1655596203,2022-06-18 23:50:03,0.0004613412743711122,0.009471340311611648,0.0140387663652264,0.04585555835132832
uni,1655667219,2022-06-19 19:33:39,0.0003863785281679806,0.008667769815457175,0.01395460997368128,0.04554424283102928
uni,1655769279,2022-06-20 23:54:39,0.0003341176679126803,0.008060293061675576,0.01406080064348208,0.04561879929173424
uni,1655855233,2022-06-21 23:47:13,0.0003825674096159622,0.008624916061011775,0.01397590418968704,0.04526065226775456
uni,1655934104,2022-06-22 21:41:44,0.00033676756339572354,0.008092192185467107,0.01406892076928208,0.04541258025525024
uni,1656027160,2022-06-23 23:32:40,0.0003387662046405884,0.00811616912534979,0.01392922070085312,0.04514502733297488
uni,1656088990,2022-06-24 16:43:10,0.0003417021240000135,0.008151262671576738,0.01411928300473344,0.0453975148051128
uni,1656160001,2022-06-25 12:26:41,0.00034242170863736486,0.00815984160471213,0.01426815986057712,0.04576565791768752
uni,1656275786,2022-06-26 20:36:26,0.0003425339257089311,0.008161178548676653,0.01406896066799856,0.04494992509537056
uni,1656342026,2022-06-27 15:00:26,0.0008280831628600509,0.012689277354534565,0.0141542637722064,0.04503632043506256
uni,1656460315,2022-06-28 23:51:55,0.0024449324794099587,0.02180381343096879,0.0139404042535608,0.04451561035634448
uni,1656475966,2022-06-29 04:12:46,0.0029289960338817144,0.023864827878041506,0.01410444359739072,0.04492533512359152
uni,1656625319,2022-06-30 21:41:59,0.002742245716556875,0.02309149964197602,0.01348646029872912,0.04376236670112816
uni,1656695259,2022-07-01 17:07:39,0.00275186259694721,0.023131954408669095,0.01422512856914832,0.04568251548612096
uni,1656791294,2022-07-02 19:48:14,0.0038109068079601625,0.027221555634344217,0.01421547273822528,0.0459011466756144
uni,1656856599,2022-07-03 13:56:39,0.0037018438729265082,0.02682920668478674,0.01395919563542496,0.04544005633646976
uni,1656971211,2022-07-04 21:46:51,0.0036911948728081323,0.026790589437775427,0.01421786708348112,0.04636288546366752
uni,1657065222,2022-07-05 23:53:42,0.0032095202570341123,0.02498151900100176,0.01434564444771216,0.04696791517656576
uni,1657122385,2022-07-06 15:46:25,0.002917772122274238,0.023819054357670778,0.0147778533422712,0.04864092560681904
uni,1657235056,2022-07-07 23:04:16,0.0029147210332922608,0.023806597417656204,0.01466434408677552,0.04793742878881968
uni,1657318675,2022-07-08 22:17:55,0.0008293630826971739,0.012699075351194732,0.014252271285204,0.04694551611319872
uni,1657411108,2022-07-09 23:58:28,0.0011070077141522203,0.014671509208696044,0.01435944790407744,0.04701261641903136
uni,1657482462,2022-07-10 19:47:42,0.0010674779925076018,0.014407179191262368,0.01457606090246976,0.04746164360777136
uni,1657582927,2022-07-11 23:42:07,0.0011342372611720583,0.014850852913059041,0.01451363631920496,0.04714903093799808
uni,1657645183,2022-07-12 16:59:43,0.0011659114490051381,0.015056784173820174,0.01462443356321712,0.04733539592213376
uni,1657756796,2022-07-13 23:59:56,0.002541324279211676,0.02222946187373687,0.01295782921850688,0.04335145976907792
uni,1657841173,2022-07-14 23:26:13,0.001042033610993338,0.014234438770966994,0.00828306570741552,0.03220042091549472
uni,1657929250,2022-07-15 23:54:10,0.0010157878658280399,0.014054034483962472,0.00450479369694816,0.02318006574613728
uni,1657989729,2022-07-16 16:42:09,0.0010398182227328245,0.014219299479590402,0.002475145013256,0.01821917672704368
uni,1658066380,2022-07-17 13:59:40,0.0010207873573839419,0.014088577895209054,0.00162459192215376,0.0161367522723576
uni,1658171849,2022-07-18 19:17:29,0.0010254842197005242,0.0141209529846255,0.00164889526764384,0.01636456126724784
uni,1658250738,2022-07-19 17:12:18,0.001038575391481828,0.014210800094240939,0.0016642678096728,0.0165036032660808
uni,1658359849,2022-07-20 23:30:49,0.0010306627555899553,0.014156562395633546,0.00168768944739216,0.01670752318877568
uni,1658413990,2022-07-21 14:33:10,0.001385984181796886,0.016416418472997532,0.0017202701354184,0.01696258484399376
uni,1658532075,2022-07-22 23:21:15,0.0014988469224987194,0.01707174281968192,0.00174097224883296,0.0171421772532696
uni,1658601300,2022-07-23 18:35:00,0.0014809847693741738,0.016969714033579414,0.0017559630343368,0.01717944574498992
uni,1658697872,2022-07-24 21:24:32,0.0015233877787601208,0.01721093409976649,0.0017882943959088,0.01751336798911632
uni,1658793568,2022-07-25 23:59:28,0.0015507462747078474,0.017364791607810764,0.00181817837561088,0.01777752481626576
uni,1658870789,2022-07-26 21:26:29,0.001510320720786992,0.017136961337058602,0.00186532042847472,0.01805900158106352
uni,1658953344,2022-07-27 20:22:24,0.0014799976319282782,0.01696405753091505,0.00189619030584576,0.01833087956482368
uni,1659052249,2022-07-28 23:50:49,0.0019022237753705447,0.019232239478885936,0.00194329823328864,0.01861022034682992
uni,1659138883,2022-07-29 23:54:43,0.0019211354671613793,0.019327605694469605,0.00193959100714032,0.01862649785474496
uni,1659225348,2022-07-30 23:55:48,0.0019210233343728165,0.01932704162654712,0.0018868569566976,0.01835883000140976
uni,1659306779,2022-07-31 22:32:59,0.0019240278516103899,0.01934214965425936,0.0018627567907176,0.01823646765125664
uni,1659383850,2022-08-01 19:57:30,0.0019238948275746908,0.019341480998083704,0.0017845673074416,0.01794698737700256
uni,1659452484,2022-08-02 15:01:24,0.002122885712036389,0.020317127537796464,0.0017321509576008,0.01767541376704608
uni,1659569498,2022-08-03 23:31:38,0.0016417968471729924,0.017867291339236948,0.00166742766862272,0.01745520474632544
uni,1659650006,2022-08-04 21:53:26,0.001994843130312252,0.01969488356648704,0.0016130182192992,0.01721922482082384
uni,1659741158,2022-08-05 23:12:38,0.0013798068287843824,0.016379784600036314,0.00159520821567984,0.01714832704637136
uni,1659793132,2022-08-06 13:38:52,0.001378244007233297,0.016370505772137122,0.00151424648463744,0.0166186016647416
uni,1659909212,2022-08-07 21:53:32,0.0013783298443353776,0.016371015543199984,0.00152746306581888,0.01683992704220208
uni,1659986738,2022-08-08 19:25:38,0.00141437636962246,0.016583703509079967,0.00155244327730704,0.01698556964724864
uni,1660067487,2022-08-09 17:51:27,0.0014300528803485892,0.016675354573856778,0.00156143328077808,0.01704213606152592
uni,1660145466,2022-08-10 15:31:06,0.0013911560234905744,0.016447009705535368,0.00157606550480016,0.01712972943241344
uni,1660254466,2022-08-11 21:47:46,0.001424743676468034,0.016644371381333307,0.00157953942162864,0.01716015860080704
uni,1660348011,2022-08-12 23:46:51,0.0014394344821353055,0.016729962963605877,0.0015942998767032,0.01725957436965264
uni,1660418780,2022-08-13 19:26:20,0.0014026550743459312,0.016514843861351183,0.00151978917221136,0.01707264050982048
uni,1660520899,2022-08-14 23:48:19,0.0018620974039413988,0.019028310382907792,0.0015422183540352,0.01718498221997184
uni,1660586935,2022-08-15 18:08:55,0.0024238266952181105,0.021709492291687726,0.0015626270246544,0.01730462526877968
uni,1660637746,2022-08-16 08:15:46,0.0018962526922441227,0.019202029595514043,0.0015850935879912,0.0174360150559512
uni,1660754902,2022-08-17 16:48:22,0.0018951545067232352,0.01919646851763374,0.0016066127436624,0.017494874888616
uni,1660843742,2022-08-18 17:29:02,0.00188508004651645,0.019145377376015148,0.00164905275653568,0.0178096245992136
uni,1660940212,2022-08-19 20:16:52,0.0018546564581062804,0.018990254537225044,0.00168461415758736,0.0180315212708664
uni,1661037820,2022-08-20 23:23:40,0.0018676950245302,0.019056889873057654,0.00170298159942672,0.01812658138893792
uni,1661123606,2022-08-21 23:13:26,0.0018670339849844468,0.019053517151925263,0.00172049154998976,0.01822589816312592
uni,1661208155,2022-08-22 22:42:35,0.0018622263569171003,0.019028969861073376,0.0017475310521864,0.01846895099973696
uni,1661282339,2022-08-23 19:18:59,0.0019342856031116448,0.019393639544658645,0.00172689976705104,0.01817730406667808
uni,1661359842,2022-08-24 16:50:42,0.001937838988152257,0.019411444941031298,0.00171653595418944,0.01800419705882352
uni,1661465315,2022-08-25 22:08:35,0.0018368351529545136,0.018898796320832405,0.00174081953259936,0.0182069894638728
uni,1661543475,2022-08-26 19:51:15,0.001733140289647727,0.018357601451886845,0.00177857083984896,0.01855089567320976
uni,1661642966,2022-08-27 23:29:26,0.0017218279329269783,0.01829759163957936,0.0017638116367536,0.01846203039962352
uni,1661709781,2022-08-28 18:03:01,0.0018109227141919263,0.018765017902280478,0.00175931838432,0.01843807101160896
uni,1661787499,2022-08-29 15:38:19,0.0017787507025703421,0.018597585639587674,0.00175501387200816,0.01841567399524368
uni,1661897508,2022-08-30 22:11:48,0.0017869496501836384,0.018640398079188852,0.00175315106477088,0.01842139446260256
uni,1661947446,2022-08-31 12:04:06,0.0017871113617924294,0.01864124149734752,0.00181727879701968,0.01858882788703872
uni,1662072906,2022-09-01 22:55:06,0.0018696524503253747,0.019066871699012975,0.00182119896433152,0.01865887273000512
uni,1662160478,2022-09-02 23:14:38,0.0018790602091742327,0.019114782102949025,0.00180538068774816,0.01853301914061408
uni,1662247200,2022-09-03 23:20:00,0.001878079732644226,0.019109794489694406,0.00179881294835376,0.01848761788441104
uni,1662333102,2022-09-04 23:11:42,0.0018748116827353191,0.019093160763532357,0.00179860695425568,0.01850056312038768
uni,1662419746,2022-09-05 23:15:46,0.0018636175185384066,0.019036074500553796,0.00182957376509136,0.01876490157187584
uni,1662503476,2022-09-06 22:31:16,0.0020629712888874463,0.02002836937972759,0.0018336726043416,0.01867448056559904
uni,1662589488,2022-09-07 22:24:48,0.0022792054393930786,0.02105187279490787,0.00185531991821712,0.01879493842139184
uni,1662617505,2022-09-08 06:11:45,0.0022806427155691433,0.021058509435527718,0.00187597404992304,0.01890872638480224
uni,1662750988,2022-09-09 19:16:28,0.0022075461035318228,0.020718290211321173,0.00190011180996864,0.0189926706696264
uni,1662796609,2022-09-10 07:56:49,0.0022243232073298406,0.020796869315062676,0.00191943017226864,0.0190591332059016
uni,1662925399,2022-09-11 19:43:19,0.002226175174199587,0.02080552516689952,0.00196995390925248,0.01939876716709296
uni,1663009831,2022-09-12 19:10:31,0.002232905259984077,0.020836950650678816,0.00199131423196752,0.01950400324879632
uni,1663098508,2022-09-13 19:48:28,0.0021724585581681098,0.02055297928402198,0.00201094459126848,0.01961054572948272
uni,1663192933,2022-09-14 22:02:13,0.002731037698861515,0.02304426206355279,0.00202320806433696,0.0196716504942504
uni,1663278551,2022-09-15 21:49:11,0.0022439142506651515,0.020888251408508397,0.00204481197048528,0.01977377299513776
uni,1663350443,2022-09-16 17:47:23,0.0015977920670352502,0.01762622297851474,0.00206076119526288,0.019925474261184
uni,1663459055,2022-09-17 23:57:35,0.0016857364591905738,0.01810480866336406,0.00203471773050528,0.01971659710981728
uni,1663629779,2022-09-19 23:22:59,0.0011860423435507586,0.0151862051947985,0.00201060685016928,0.01957515839295984
uni,1663718051,2022-09-20 23:54:11,0.001185276477206142,0.015181301286171778,0.00198451411482672,0.01941505382738592
uni,1663803131,2022-09-21 23:32:11,0.0008402097859269697,0.012781837594155101,0.00195428171593584,0.01924432073671248
uni,1663891163,2022-09-22 23:59:23,0.0009225962873477767,0.013393843515865268,0.00194825827528704,0.01927010628366336
uni,1663963331,2022-09-23 20:02:11,0.0009788099191505668,0.013795852759619065,0.00194555201975424,0.0193545945528192
uni,1664063891,2022-09-24 23:58:11,0.0009982147549081513,0.0139319320391917,0.00190804154189904,0.01912208911747056
uni,1664142707,2022-09-25 21:51:47,0.0009964479788712392,0.013919597264028746,0.00185482528204896,0.01863230602182768
uni,1664320991,2022-09-27 23:23:11,0.0011019089954415091,0.014637676353232732,0.0017987792723208,0.01831342693819392
uni,1664393087,2022-09-28 19:24:47,0.001105055981068819,0.014658563379297863,0.00177693544848384,0.01816208161992576
uni,1664463815,2022-09-29 15:03:35,0.0010926331137859834,0.014575936146903272,0.00176104672236864,0.0180850834560384
uni,1664550971,2022-09-30 15:16:11,0.0010971809099077588,0.014606238920601658,0.0016680252089664,0.01774275452541792
uni,1664668583,2022-10-01 23:56:23,0.0010976027804212478,0.014609046719713,0.001635189763356,0.0175511420962632
uni,1664750747,2022-10-02 22:45:47,0.0010990068195055774,0.0146183875814526,0.00160952234206176,0.01740579166090368
uni,1664833679,2022-10-03 21:47:59,0.001179656570226247,0.015145270101349442,0.00158663265138288,0.01728404592154416
uni,1664908367,2022-10-04 18:32:47,0.0011681094712198048,0.015070963111354526,0.00156233701455264,0.01713400190982576
uni,1665010463,2022-10-05 22:54:23,0.0012395036420834904,0.015524695617527255,0.00153335837664576,0.01697785497507024
uni,1665073091,2022-10-06 16:18:11,0.0012125679543708015,0.015355085891280254,0.0015164952225048,0.01689437807836416
uni,1665180575,2022-10-07 22:09:35,0.0011691067675761652,0.015077395000408588,0.00148076101331856,0.01671104799997776
uni,1665200183,2022-10-08 03:36:23,0.001172067395507575,0.015096473810524402,0.00146746304119008,0.01663018330426128
uni,1665354731,2022-10-09 22:32:11,0.0010933694716657163,0.014580845774178694,0.0014169774252384,0.01639811976143616
uni,1665427847,2022-10-10 18:50:47,0.0011244999353618855,0.014786961478884529,0.00140157030335472,0.01634130539346672
uni,1665526907,2022-10-11 22:21:47,0.0012898730105891246,0.015836988672945744,0.00133322302119312,0.01589931925343856
uni,1665557291,2022-10-12 06:48:11,0.0012898730105891246,0.015836988672945744,0.00128936485899792,0.0155623801680144
uni,1665692363,2022-10-13 20:19:23,0.0011734470281423504,0.01510535305780466,0.00127017342310608,0.01556233929609696
uni,1665791135,2022-10-14 23:45:35,0.0011491420145695634,0.014948099753071013,0.00123077151499392,0.015350046446196
uni,1665822707,2022-10-15 08:31:47,0.0011511033758761003,0.014960851058732644,0.00118315716101856,0.01510228742071824
uni,1665959315,2022-10-16 22:28:35,0.0011789797353015119,0.015140920655712937,0.00116599474789776,0.01501049813047344
uni,1666026215,2022-10-17 17:03:35,0.0011763239735721241,0.015123857912509376,0.00114536853627408,0.01488625914297024
uni,1666124903,2022-10-18 20:28:23,0.0011764388429151363,0.015124596323065169,0.00113042202794496,0.0148078927667016
uni,1666223903,2022-10-19 23:58:23,0.0012620008357123163,0.015664947221502277,0.00113310442334016,0.014787842379732
uni,1666299983,2022-10-20 21:06:23,0.0012604351531600854,0.01565522696190331,0.00113847333020928,0.01482571264613472
uni,1666381343,2022-10-21 19:42:23,0.001219748447037765,0.015400480582891316,0.00114800106158496,0.01487970004254768
uni,1666469051,2022-10-22 20:04:11,0.0012269502563755272,0.015445878505156468,0.00113992857753552,0.01478971048470192
uni,1666536419,2022-10-23 14:46:59,0.0011984673113368766,0.015265542706470465,0.00115483680683712,0.0149358553752888
uni,1666655567,2022-10-24 23:52:47,0.0011971771382368783,0.015257323665814422,0.00116339776145136,0.01499419106039664
uni,1666729007,2022-10-25 20:16:47,0.0011496103793551056,0.014951146253467707,0.00116976571145568,0.01500980974311312
uni,1666802147,2022-10-26 16:35:47,0.0012043505048283545,0.015302964461667436,0.00117129425191488,0.01503395829667008
uni,1666912523,2022-10-27 23:15:23,0.001284098610396876,0.01580149819163981,0.00119412691509888,0.01512503807043456
uni,1666997531,2022-10-28 22:52:11,0.0013028998238596363,0.01591675681651614,0.00120205653318432,0.01519707490849296
uni,1667045279,2022-10-29 12:07:59,0.001306748794351881,0.01594024974856018,0.00120359550890592,0.01518326286676704
uni,1667172467,2022-10-30 23:27:47,0.0013472205128575838,0.01618521176091955,0.00121351388680512,0.0152494035059448
uni,1667256179,2022-10-31 22:42:59,0.003154979490761585,0.024768344643952098,0.00127373823520128,0.01554978394473408
uni,1667330459,2022-11-01 19:20:59,0.003374221671264409,0.02561447646474946,0.00133077033307584,0.0158178320802864
uni,1667424299,2022-11-02 21:24:59,0.003246048582273693,0.025123272237440694,0.00142014421958544,0.016240994990244
uni,1667510579,2022-11-03 21:22:59,0.003207082293747781,0.02497202467747054,0.00149265488541312,0.01656469931902848
uni,1667604671,2022-11-04 23:31:11,0.003384605683224864,0.02565385989717028,0.00157065021856656,0.01695873216845232
uni,1667691707,2022-11-05 23:41:47,0.0033388892058664695,0.025480015209647103,0.00163605737642688,0.01725004998456192
uni,1667771027,2022-11-06 21:43:47,0.0033434531991556357,0.02549742360753857,0.00170724609476208,0.01758896681017536
uni,1667854187,2022-11-07 20:49:47,0.0033772995025050613,0.02562615554428637,0.0017631304764984,0.01785939748358976
uni,1667949407,2022-11-08 23:16:47,0.002802832667910881,0.02334518609938926,0.00185582529397008,0.01830620089236816
uni,1668036611,2022-11-09 23:30:11,0.0016071138935333177,0.017677562018676117,0.00189275811524496,0.018481206492936
uni,1668209783,2022-11-11 23:36:23,0.0022735968451942927,0.0210259463456477,0.0019378852778808,0.01883763173299392
uni,1668295139,2022-11-12 23:18:59,0.0022477245265505193,0.020905972029975718,0.00196836921579168,0.01888588904262192
uni,1668376499,2022-11-13 21:54:59,0.0023009412458364796,0.02115200668750485,0.00201119960744784,0.0191096053392672
