epoch,date,mid_price,spread,ask_slippage,bid_slippage
1661126400,2022-08-22 00:00:00,1610.3438888888888,0.014027777777771335,0.0002742245974991016,0.0002817084878748582
1661130000,2022-08-22 01:00:00,1602.332361111111,0.011666666666662372,0.00027430320514856143,0.00028137631345895287
1661133600,2022-08-22 02:00:00,1602.5886805555556,0.01041666666666193,0.0002639766003001859,0.0002615934879799789
1661137200,2022-08-22 03:00:00,1604.0378124999997,0.012152777777777778,0.00024467224479583706,0.0002632895435794888
1661140800,2022-08-22 04:00:00,1595.3388541666664,0.012291666666661804,0.00025353281195140487,0.00023632972697291358
1661144400,2022-08-22 05:00:00,1603.8947569444445,0.012708333333334407,0.000248239839801167,0.00024336788814689306
1661148000,2022-08-22 06:00:00,1590.804861111112,0.01569444444444596,0.00026341067488007874,0.00027775296406827056
1661151600,2022-08-22 07:00:00,1575.8413888888886,0.014027777777777651,0.0002691942300183659,0.0002926846896002366
1661155200,2022-08-22 08:00:00,1544.088541666667,0.01777777777777582,0.0003252623516010833,0.0003035197302451897
1661158800,2022-08-22 09:00:00,1559.7856944444457,0.018472222222218053,0.0003028306410383197,0.0002667191519584706
1661162400,2022-08-22 10:00:00,1567.5028125000001,0.012708333333326513,0.00026391004934564336,0.00027173782217444704
1661166000,2022-08-22 11:00:00,1569.479513888889,0.010555555555558586,0.0002650550654472105,0.0002461170793539057
1661169600,2022-08-22 12:00:00,1566.815798611111,0.01104166666666294,0.0002594530645195026,0.00027236256553298926
1661173200,2022-08-22 13:00:00,1562.0457986111114,0.01576388888888087,0.0002794115235283649,0.00028963920638201267
1661176800,2022-08-22 14:00:00,1566.803680555556,0.01819444444444053,0.00029635783179003347,0.00028168140010017623
1661180400,2022-08-22 15:00:00,1575.2559375000012,0.014930555555554607,0.00027740022976004364,0.0002568469445761739
1661184000,2022-08-22 16:00:00,1581.3817708333338,0.012708333333337565,0.00025536802537304737,0.000250381001991702
1661187600,2022-08-22 17:00:00,1575.4426041666673,0.010069444444441602,0.00024468773821924246,0.00023746786584061852
1661191200,2022-08-22 18:00:00,1563.106180555556,0.012083333333338133,0.00025631210254668547,0.00026494007809765776
1661194800,2022-08-22 19:00:00,1561.8199305555552,0.0102777777777858,0.00025559354127200186,0.00025732099581415716
1661198400,2022-08-22 20:00:00,1579.4475694444436,0.012222222222223737,0.0002672326718636989,0.0002781150516618958
1661202000,2022-08-22 21:00:00,1572.5352777777775,0.010833333333329797,0.00036498629278924953,0.00031526685770989576
1661205600,2022-08-22 22:00:00,1582.9982291666672,0.010624999999996653,0.0002639387666750729,0.0002340175949656359
1661209200,2022-08-22 23:00:00,1599.9205902777774,0.012569444444442487,0.0002877781891641501,0.0002143721172980501
1661212800,2022-08-23 00:00:00,1622.4572222222223,0.012916666666661235,0.0002561163459417024,0.00024347666364147225
1661216400,2022-08-23 01:00:00,1628.1760763888892,0.010763888888886994,0.0002527902836841078,0.00024066168356195775
1661220000,2022-08-23 02:00:00,1622.3386805555558,0.0099999999999988,0.00022443423267594825,0.00022616300364671608
1661223600,2022-08-23 03:00:00,1624.6321180555549,0.011458333333329228,0.00021316035555197894,0.0002490458058050096
1661227200,2022-08-23 04:00:00,1611.9054513888889,0.010624999999993494,0.00021783826675131433,0.00025672310926949107
1661230800,2022-08-23 05:00:00,1590.0671875000003,0.010347222222219128,0.00023990186787804584,0.0002660357673902359
1661234400,2022-08-23 06:00:00,1571.9136111111118,0.015277777777776514,0.0002472572728580288,0.00024602828614110546
1661238000,2022-08-23 07:00:00,1589.3073263888882,0.011180555555558018,0.00025533522442699574,0.00023844961941858726
1661241600,2022-08-23 08:00:00,1608.9034722222214,0.014166666666660098,0.00022214878374488827,0.0002587012747699584
1661245200,2022-08-23 09:00:00,1603.9498958333338,0.011736111111105174,0.00023948425373224944,0.00024020230661856004
1661248800,2022-08-23 10:00:00,1605.282743055556,0.010347222222225443,0.00026066522524532346,0.00023672561777341998
1661252400,2022-08-23 11:00:00,1608.7314236111115,0.010902777777777336,0.000247946830497609,0.0002287085977333839
1661256000,2022-08-23 12:00:00,1614.428090277778,0.01118055555555486,0.000251951782772216,0.0002547527602423298
1661259600,2022-08-23 13:00:00,1620.0845833333328,0.015555555555563514,0.0002529008018690999,0.0002816203638868579
1661263200,2022-08-23 14:00:00,1642.3095486111115,0.012013888888884279,0.00025319662086035577,0.0002605445129228842
1661266800,2022-08-23 15:00:00,1638.033055555555,0.011944444444438318,0.0002536442890553514,0.00021466332234964765
1661270400,2022-08-23 16:00:00,1633.1635416666677,0.010138888888889142,0.000224891591589626,0.00022556933401441358
1661274000,2022-08-23 17:00:00,1637.487673611111,0.010763888888883836,0.0002431740511341311,0.00021760818727551556
1661277600,2022-08-23 18:00:00,1650.6579861111106,0.011249999999996084,0.0002426431670110705,0.00024412872287350127
1661281200,2022-08-23 19:00:00,1651.937604166667,0.01076388888889173,0.00020511184764187255,0.00024239087143086696
1661284800,2022-08-23 20:00:00,1650.0380555555557,0.011111111111116796,0.00020971714873863295,0.00023025545613715386
1661288400,2022-08-23 21:00:00,1646.1001041666664,0.010763888888886994,0.0002672254156298761,0.00031645371249052986
1661292000,2022-08-23 22:00:00,1654.6740625,0.012291666666658645,0.0002201475929182647,0.0002324002033227135
1661295600,2022-08-23 23:00:00,1661.3348611111112,0.01277777777777405,0.00021727362180613165,0.00021466760060508887
1661299200,2022-08-24 00:00:00,1648.757951388889,0.013958333333331692,0.00020886598048176061,0.00023214342048675195
1661302800,2022-08-24 01:00:00,1630.0030208333333,0.01618055555555821,0.00021091910688520604,0.0002450869228220718
1661306400,2022-08-24 02:00:00,1622.6263541666665,0.0121527777777762,0.00021188184640684362,0.0002015628551404036
1661310000,2022-08-24 03:00:00,1612.2376041666666,0.010208333333331944,0.0001949047009811554,0.0002050480776651901
1661313600,2022-08-24 04:00:00,1615.808715277777,0.01034722222221439,0.00019634500350326084,0.00019407160144448767
1661317200,2022-08-24 05:00:00,1633.0228124999996,0.011458333333335544,0.00021255299960332955,0.00019402085689379056
1661320800,2022-08-24 06:00:00,1638.4277430555549,0.013958333333331692,0.00020827642145515286,0.0001968254136678313
1661324400,2022-08-24 07:00:00,1633.2918055555554,0.013888888888885731,0.0002092950406329803,0.00022123644339555314
1661328000,2022-08-24 08:00:00,1635.1802083333323,0.011527777777767293,0.00019771016800288626,0.000200746795545608
1661331600,2022-08-24 09:00:00,1636.4813194444434,0.010277777777777905,0.00018719126714431894,0.00018427449744422934
1661335200,2022-08-24 10:00:00,1636.3568750000004,0.012777777777775631,0.00020135087360098638,0.0001820483966785777
1661338800,2022-08-24 11:00:00,1640.2127430555556,0.011458333333335544,0.00020102540110041053,0.00019450919288875024
1661342400,2022-08-24 12:00:00,1652.3451736111108,0.013402777777773482,0.00021822286096766572,0.00020282840330847326
1661346000,2022-08-24 13:00:00,1652.101111111111,0.01277777777777405,0.0002105224027801509,0.00021236497494833955
1661349600,2022-08-24 14:00:00,1650.252395833334,0.012847222222223169,0.00019684378070679903,0.00022096845915891547
1661353200,2022-08-24 15:00:00,1664.5142013888888,0.012013888888885858,0.00020793494186401005,0.00019252281430555377
1661356800,2022-08-24 16:00:00,1678.9767708333327,0.011736111111109912,0.00018531909868914643,0.0002022102355904366
1661360400,2022-08-24 17:00:00,1671.0529166666665,0.010416666666669825,0.0001993773223766038,0.000193263052346583
1661364000,2022-08-24 18:00:00,1669.7537500000003,0.010138888888893879,0.00018598181931130467,0.00019071630840917324
1661367600,2022-08-24 19:00:00,1679.468298611111,0.010902777777778915,0.00020429538728409873,0.00018804319001148833
1661371200,2022-08-24 20:00:00,1681.121111111111,0.01013888888889072,0.00020236932891531993,0.00018392545627066395
1661374800,2022-08-24 21:00:00,1678.924097222223,0.010000000000001959,0.00026925575537000535,0.00024561041457171696
1661378400,2022-08-24 22:00:00,1663.908506944444,0.010902777777772599,0.00020379103362162595,0.0002639137199378847
1661382000,2022-08-24 23:00:00,1659.1642708333338,0.01034722222221439,0.00021321433274420554,0.0002078454769461049
1661385600,2022-08-25 00:00:00,1662.962604166666,0.010902777777774177,0.00021897590227398987,0.00020099457759390176
1661389200,2022-08-25 01:00:00,1673.9323958333327,0.010486111111114206,0.00020938752722108215,0.0001921661617183453
1661392800,2022-08-25 02:00:00,1673.8684027777772,0.010000000000005116,0.0001970543810988698,0.00018148090264736514
1661396400,2022-08-25 03:00:00,1673.4175347222224,0.011597222222227465,0.0001965189697764118,0.00018061755072641767
1661400000,2022-08-25 04:00:00,1674.204513888889,0.009999999999995643,0.0001842027987649349,0.00018132657357010633
1661403600,2022-08-25 05:00:00,1676.4112499999987,0.010000000000000378,0.0001879657375965655,0.00017783064282641032
1661407200,2022-08-25 06:00:00,1693.5935069444442,0.01090277777777102,0.0002120986903534583,0.0002067480868898583
1661410800,2022-08-25 07:00:00,1703.2863888888887,0.011111111111113637,0.00019876974815499413,0.00018023648036241086
1661414400,2022-08-25 08:00:00,1708.648506944444,0.010486111111111049,0.00018678038062440938,0.0001746002561611357
1661418000,2022-08-25 09:00:00,1703.5999305555551,0.01055555555555543,0.00018066414361924752,0.00018384689113111534
1661421600,2022-08-25 10:00:00,1701.316527777777,0.01055555555555385,0.00017155916413062793,0.00017467995243743994
1661425200,2022-08-25 11:00:00,1703.9939236111118,0.010902777777777336,0.0001852648689451695,0.00017987267315194868
1661428800,2022-08-25 12:00:00,1705.7312152777774,0.011319444444443624,0.00019326317306389963,0.0001914383929843774
1661432400,2022-08-25 13:00:00,1701.2545833333336,0.010277777777774746,0.0002190801474360471,0.00018697032398775498
1661436000,2022-08-25 14:00:00,1711.688784722222,0.013958333333331692,0.0001954227492195606,0.0002099970386198629
1661439600,2022-08-25 15:00:00,1702.4563541666664,0.012291666666661804,0.00018967030536641894,0.0001774048922626435
1661443200,2022-08-25 16:00:00,1697.8590277777785,0.010555555555561745,0.00018681124874777,0.00020394504609883653
1661446800,2022-08-25 17:00:00,1703.296388888889,0.010416666666663509,0.000176581913011235,0.00019186506229603914
1661450400,2022-08-25 18:00:00,1702.3524652777783,0.010347222222223864,0.0001790945151281555,0.00018483963705960037
1661454000,2022-08-25 19:00:00,1705.8968402777782,0.01006944444444476,0.00018508335814111686,0.00018460475969328245
1661457600,2022-08-25 20:00:00,1705.0502777777783,0.011111111111112059,0.0001875391813862004,0.00019016978949210352
1661461200,2022-08-25 21:00:00,1703.1604513888885,0.010624999999996653,0.00021658091286589498,0.00024374971125610677
1661464800,2022-08-25 22:00:00,1698.3148263888897,0.010347222222223864,0.00020881786457109918,0.0002223580659176744
1661468400,2022-08-25 23:00:00,1693.01375,0.010138888888887563,0.00018510432392810136,0.0002023267003844746
1661472000,2022-08-26 00:00:00,1683.8418055555558,0.013472222222228917,0.0001944144014774913,0.0002247972143621838
1661475600,2022-08-26 01:00:00,1680.0742013888887,0.011874999999997094,0.00019862477536769987,0.00020414129721476462
1661479200,2022-08-26 02:00:00,1684.2971527777784,0.010833333333329797,0.0001976771918171088,0.00020066961108447965
1661482800,2022-08-26 03:00:00,1687.3049999999996,0.009999999999997221,0.00020375407017418032,0.0001881963202276278
1661486400,2022-08-26 04:00:00,1682.3527777777772,0.010138888888884404,0.00018141616229965676,0.00019173272082378408
1661490000,2022-08-26 05:00:00,1668.9143749999994,0.014444444444443939,0.00019816730542413305,0.00021736940001608902
1661493600,2022-08-26 06:00:00,1661.513958333333,0.010555555555552272,0.00017965914640640792,0.00020134228363708707
1661497200,2022-08-26 07:00:00,1651.9290972222216,0.011388888888883267,0.0001924873106215172,0.0002184171494788618
1661500800,2022-08-26 08:00:00,1657.9546527777777,0.011805555555560608,0.00019878673114317623,0.0001936374420656723
1661504400,2022-08-26 09:00:00,1660.1291319444442,0.01006944444444318,0.0001786367713072373,0.0001818977902313048
1661508000,2022-08-26 10:00:00,1654.3477083333332,0.010833333333334534,0.00017985490236907724,0.00020459810671691003
1661511600,2022-08-26 11:00:00,1631.2894097222215,0.011319444444445203,0.00021101245027830496,0.00023674641480887852
1661515200,2022-08-26 12:00:00,1646.112951388889,0.018402777777783146,0.00025426654278037106,0.00025211676483234506
1661518800,2022-08-26 13:00:00,1686.7198611111119,0.02111111111110928,0.0002445803764660556,0.0002474686234004985
1661522400,2022-08-26 14:00:00,1659.868368055556,0.04465277777777664,0.00033620019240705664,0.00035473602114412885
1661526000,2022-08-26 15:00:00,1600.9641319444438,0.028958333333341732,0.0002971697536718048,0.0003313884612009865
1661529600,2022-08-26 16:00:00,1579.9649999999995,0.01923076923077241,0.00026917272363428404,0.000278283248941406
1661533200,2022-08-26 17:00:00,1575.8442708333332,0.011736111111117806,0.00023776670140004575,0.0002671742204366795
1661536800,2022-08-26 18:00:00,1552.9820138888888,0.01916666666666976,0.0002629662344251781,0.0002760871401969124
1661540400,2022-08-26 19:00:00,1557.6766319444444,0.013263888888894194,0.0002411253447934881,0.00025301820660065486
1661544000,2022-08-26 20:00:00,1560.5029513888883,0.011041666666664519,0.0002504349652532893,0.00025152269818792095
1661547600,2022-08-26 21:00:00,1553.5908333333327,0.010416666666665087,0.0002780196544072562,0.00029564982477936204
1661551200,2022-08-26 22:00:00,1552.0956944444442,0.011944444444443056,0.00024457137759855633,0.0002540463884535553
1661554800,2022-08-26 23:00:00,1517.276701388889,0.027291666666671845,0.0003179432847445364,0.00035077810955546295
1661558400,2022-08-27 00:00:00,1507.1907986111119,0.012986111111108775,0.0002595330775972103,0.00027487678395985164
1661562000,2022-08-27 01:00:00,1512.4148958333333,0.011458333333335544,0.00022981710586378077,0.00027607723139055
1661565600,2022-08-27 02:00:00,1500.3631249999999,0.013611111111116101,0.00024807214640729894,0.0002746938403831304
1661569200,2022-08-27 03:00:00,1497.9814930555565,0.013263888888887878,0.00027496513940111886,0.0002651492725871607
1661572800,2022-08-27 04:00:00,1497.4317361111111,0.010000000000001959,0.00027018210382690063,0.0003058277140356915
1661576400,2022-08-27 05:00:00,1484.5287847222223,0.012986111111107194,0.0002685407799401044,0.0003235448808789093
1661580000,2022-08-27 06:00:00,1492.427638888889,0.011249999999997663,0.0002827024695587869,0.00026602036310507384
1661583600,2022-08-27 07:00:00,1497.848645833333,0.01118055555555486,0.0002632967811697631,0.00024382858325738106
1661587200,2022-08-27 08:00:00,1504.764791666667,0.010277777777777905,0.00023614973524044904,0.00024064645113077836
1661590800,2022-08-27 09:00:00,1499.0106597222223,0.011874999999998673,0.00022477299599265782,0.00025572986924895125
1661594400,2022-08-27 10:00:00,1504.897361111111,0.010694444444441033,0.0002512987106047349,0.00022852451291241718
1661598000,2022-08-27 11:00:00,1502.370659722222,0.010347222222217548,0.0002373441824282416,0.00024834675225594475
1661601600,2022-08-27 12:00:00,1503.4502083333325,0.010416666666658771,0.0002583787538455726,0.00024548403864357366
1661605200,2022-08-27 13:00:00,1498.7406597222216,0.010208333333333522,0.0002450163923488049,0.0002533406045230937
1661608800,2022-08-27 14:00:00,1496.5000347222222,0.012013888888889015,0.0002567164285608182,0.00024179808974360563
1661612400,2022-08-27 15:00:00,1477.0489583333335,0.025972222222223864,0.00026901730568296936,0.00027281819456772334
1661616000,2022-08-27 16:00:00,1460.9079513888885,0.012569444444440907,0.0002691744982066668,0.0003014646372326627
1661619600,2022-08-27 17:00:00,1472.3414236111118,0.01354166666667014,0.000290353336688074,0.00025339772986350447
1661623200,2022-08-27 18:00:00,1471.2669097222224,0.011736111111105174,0.0002637273331649315,0.00026139234598508075
1661626800,2022-08-27 19:00:00,1473.771319444445,0.012083333333333397,0.00027709711429492446,0.0002491335234952704
1661630400,2022-08-27 20:00:00,1476.1757986111118,0.010486111111106311,0.00026210158267816314,0.00023772378288080138
1661634000,2022-08-27 21:00:00,1473.9167013888891,0.01076388888889331,0.0003213590825391544,0.00029913917255755085
1661637600,2022-08-27 22:00:00,1474.2181944444446,0.015833333333329987,0.0002761712843620029,0.0002589149869387267
1661641200,2022-08-27 23:00:00,1489.8838541666664,0.011874999999998673,0.00025206921475239973,0.0002404999869567633
1661644800,2022-08-28 00:00:00,1484.864965277778,0.010069444444441602,0.00022631906012333085,0.00024357676272548408
1661648400,2022-08-28 01:00:00,1491.9082638888895,0.012361111111109343,0.00024868630967382215,0.00022172278118008827
1661652000,2022-08-28 02:00:00,1497.4465277777776,0.010972222222220138,0.00025620044725692355,0.0002426986107660465
1661655600,2022-08-28 03:00:00,1493.585937500001,0.010208333333331944,0.00023456051779650346,0.00024616274596394786
1661659200,2022-08-28 04:00:00,1486.4150694444454,0.011250000000003979,0.00022398504142750268,0.0002586313220690579
1661662800,2022-08-28 05:00:00,1486.2421875,0.010208333333330365,0.00022627452555327508,0.00023175249832209707
1661666400,2022-08-28 06:00:00,1493.3228819444446,0.010347222222220707,0.00024251690459773623,0.00023197601892879622
1661670000,2022-08-28 07:00:00,1494.5033333333336,0.011250000000000822,0.00023217791024109327,0.0002236145285812299
1661673600,2022-08-28 08:00:00,1496.4301041666668,0.011041666666664519,0.00022731096957112165,0.0002486152062983678
1661677200,2022-08-28 09:00:00,1489.6009722222218,0.0099999999999988,0.0002339060128690062,0.0002239172368830565
1661680800,2022-08-28 10:00:00,1486.0456597222226,0.01048611111110789,0.00022774524088554286,0.00024462620694360056
1661684400,2022-08-28 11:00:00,1482.1109722222225,0.012500000000002842,0.00023259721829915075,0.00024413660994968705
1661688000,2022-08-28 12:00:00,1479.766284722222,0.01076388888889331,0.00023207765453658365,0.00023599188915197558
1661691600,2022-08-28 13:00:00,1472.7596527777778,0.010000000000001959,0.00022679008298916417,0.00025267926320760297
1661695200,2022-08-28 14:00:00,1471.622499999999,0.01208333333332866,0.0002437516199061365,0.0002581233424973562
1661698800,2022-08-28 15:00:00,1480.9285763888893,0.012152777777771462,0.00025673191591185217,0.00024466589963596336
1661702400,2022-08-28 16:00:00,1488.8514236111118,0.014652777777777083,0.0002476049219962593,0.0002485621759270477
1661706000,2022-08-28 17:00:00,1483.0310069444436,0.010902777777782072,0.00024087986787891386,0.00024358800862399059
1661709600,2022-08-28 18:00:00,1486.2900347222221,0.010763888888888573,0.00024245063302502312,0.00022808352125076016
1661713200,2022-08-28 19:00:00,1486.575729166667,0.01006944444444476,0.00023510322462699652,0.0002462434688666894
1661716800,2022-08-28 20:00:00,1484.664652777778,0.010416666666665087,0.0002414650325194931,0.00025360181450030547
1661720400,2022-08-28 21:00:00,1482.350972222223,0.010277777777781062,0.00028091734321350546,0.0002933641262729571
1661724000,2022-08-28 22:00:00,1467.7474305555556,0.014861111111118121,0.0002646848729223148,0.00028787387961499576
1661727600,2022-08-28 23:00:00,1448.1178124999997,0.022013888888884656,0.0002717864492435001,0.00031350651109166206
1661731200,2022-08-29 00:00:00,1431.230659722223,0.02187499999999905,0.0002884414857882289,0.00027885422480245783
1661734800,2022-08-29 01:00:00,1432.6514236111118,0.010902777777777336,0.0002442149591503008,0.00025986577439231895
1661738400,2022-08-29 02:00:00,1442.3878819444444,0.010208333333331944,0.0002189812986345368,0.00022589213235982647
1661742000,2022-08-29 03:00:00,1450.8155555555554,0.013888888888885731,0.0002307565247259374,0.00022775678145837045
1661745600,2022-08-29 04:00:00,1452.0198958333333,0.01062500000000139,0.00022935983481626847,0.0002305794182839752
1661749200,2022-08-29 05:00:00,1446.4961458333337,0.010347222222222285,0.00021396051655969396,0.00022399104017009651
1661752800,2022-08-29 06:00:00,1450.98125,0.010694444444442612,0.00021520326826745604,0.00021224858804202534
1661756400,2022-08-29 07:00:00,1452.258506944444,0.012569444444444066,0.0002292037625408861,0.00023872512143202697
1661760000,2022-08-29 08:00:00,1447.9698958333329,0.010208333333325628,0.0002144976352492357,0.000222189686851288
1661763600,2022-08-29 09:00:00,1447.9991319444446,0.010069444444447918,0.0002245520983115106,0.0002290371635858886
1661767200,2022-08-29 10:00:00,1449.8216666666674,0.010694444444442612,0.00020544354111186395,0.0002096953872940703
1661770800,2022-08-29 11:00:00,1446.1854861111115,0.011527777777775187,0.0002207239550260078,0.00020929051637307938
1661774400,2022-08-29 12:00:00,1467.422256944444,0.01770833333332986,0.00024304174709272595,0.0002461030198947359
1661778000,2022-08-29 13:00:00,1486.5436458333327,0.01451388888888832,0.00026328470934584505,0.00027718820517875066
1661781600,2022-08-29 14:00:00,1513.8823958333342,0.01743055555555865,0.00027133333613092237,0.00024846412301542
1661785200,2022-08-29 15:00:00,1517.8416666666672,0.011527777777781504,0.0002217025021582674,0.00021648088363349872
1661788800,2022-08-29 16:00:00,1528.9661111111116,0.01208333333332866,0.00022370176264174967,0.00021524898305199964
1661792400,2022-08-29 17:00:00,1532.635763888888,0.012083333333330238,0.00022051120780269717,0.00021997398761092952
1661796000,2022-08-29 18:00:00,1534.2350000000004,0.011249999999997663,0.00020467146755430906,0.00022207507484875736
1661799600,2022-08-29 19:00:00,1532.0137499999998,0.010138888888889142,0.00022678529777811932,0.00022429834079078041
1661803200,2022-08-29 20:00:00,1540.3021180555554,0.013541666666666983,0.00022611381186376709,0.00022127455228786156
1661806800,2022-08-29 21:00:00,1541.570000000001,0.009999999999994062,0.0002612244942903691,0.0002712656995788517
1661810400,2022-08-29 22:00:00,1539.613576388889,0.01076388888889489,0.00024013648464758303,0.00022736253494417812
1661814000,2022-08-29 23:00:00,1544.361423611111,0.010347222222219128,0.0002218341467749989,0.00022637656992841235
1661817600,2022-08-30 00:00:00,1542.2384374999995,0.013680555555555744,0.00022545496678715124,0.00023232430352140057
1661821200,2022-08-30 01:00:00,1537.0783333333334,0.010138888888885984,0.00021184156230863875,0.0002332016219341587
1661824800,2022-08-30 02:00:00,1530.8730208333334,0.010208333333331944,0.00021997074507967523,0.0001995701669748745
1661828400,2022-08-30 03:00:00,1538.272673611111,0.010208333333330365,0.00019281823426577427,0.0001972662522738938
1661832000,2022-08-30 04:00:00,1566.4930902777778,0.012847222222226328,0.0002356550402003232,0.0002096902296986634
1661835600,2022-08-30 05:00:00,1580.9084027777785,0.010972222222223296,0.00021790408147089312,0.00020713566959314816
1661839200,2022-08-30 06:00:00,1578.367291666667,0.010555555555550692,0.00020192265885064147,0.0001973333653496483
1661842800,2022-08-30 07:00:00,1586.8697916666674,0.010277777777774746,0.00022634329542057263,0.0002082550522930824
1661846400,2022-08-30 08:00:00,1589.175520833333,0.010347222222228602,0.00018822739820682907,0.0002044577392052109
1661850000,2022-08-30 09:00:00,1588.9797916666673,0.010000000000003537,0.00019225950463483513,0.0001907652111782808
1661853600,2022-08-30 10:00:00,1590.6388541666665,0.011597222222221149,0.000194533571819989,0.00019838874660029092
1661857200,2022-08-30 11:00:00,1583.091215277778,0.01048611111110789,0.0001847264981328842,0.0002160699555024742
1661860800,2022-08-30 12:00:00,1576.8182986111115,0.01215277777777304,0.0002100439366152233,0.0002166863088837841
1661864400,2022-08-30 13:00:00,1572.6252430555546,0.011875000000001832,0.00022307987455533096,0.00024127949276496209
1661868000,2022-08-30 14:00:00,1540.5348611111115,0.013194444444440338,0.00024494566215574917,0.0002615134584558886
1661871600,2022-08-30 15:00:00,1521.2958680555564,0.013402777777770325,0.0002453606496195573,0.00023469709984209246
1661875200,2022-08-30 16:00:00,1516.2017708333324,0.01937499999999501,0.00024197585715412075,0.0002559509089530802
1661878800,2022-08-30 17:00:00,1482.9390972222218,0.010694444444445771,0.00023503183761069813,0.00026671948013024606
1661882400,2022-08-30 18:00:00,1495.4847569444446,0.011874999999995516,0.00022908737226956578,0.0002223471536175293
1661886000,2022-08-30 19:00:00,1544.4762152777782,0.015208333333330555,0.00030689912446752165,0.0002945516168250406
1661889600,2022-08-30 20:00:00,1543.3721180555558,0.012291666666666541,0.00026824290492633875,0.00026946818505640616
1661893200,2022-08-30 21:00:00,1550.2475694444436,0.010416666666669825,0.0003259501705401495,0.0003234782127403766
1661896800,2022-08-30 22:00:00,1537.1806944444443,0.012916666666673867,0.00026647464006442106,0.00029918360775176163
1661900400,2022-08-30 23:00:00,1532.2864930555563,0.010208333333328786,0.0002389252303491693,0.00027152598931304045
1661904000,2022-08-31 00:00:00,1544.06923611111,0.010555555555557008,0.00023500147129248766,0.00022530467843762572
1661907600,2022-08-31 01:00:00,1568.7005902777773,0.01437499999999798,0.0002724047315489689,0.00024168059288867213
1661911200,2022-08-31 02:00:00,1589.8995486111114,0.012152777777779357,0.0002568019097932048,0.00022837467688817807
1661914800,2022-08-31 03:00:00,1602.1339930555553,0.013541666666665404,0.00023641030551317134,0.00022583369417763404
1661918400,2022-08-31 04:00:00,1607.514861111111,0.010416666666666666,0.00023094644835384856,0.00021352461157536154
1661922000,2022-08-31 05:00:00,1605.4085763888888,0.011319444444440465,0.00022781812202818814,0.00022812621420715773
1661925600,2022-08-31 06:00:00,1594.6469444444438,0.011527777777779925,0.00023668733654102166,0.00024815797407481
1661929200,2022-08-31 07:00:00,1584.5454166666666,0.010972222222221717,0.00025853607711276276,0.00022495008415966323
1661932800,2022-08-31 08:00:00,1580.4434965034961,0.013286713286709153,0.000263189412304214,0.00023871545586428257
1661936400,2022-08-31 09:00:00,1572.152777777778,0.01111111111111048,0.000258215947845002,0.00026256180045972457
1661940000,2022-08-31 10:00:00,1582.2650000000003,0.012083333333331817,0.00025451201711362603,0.00026018769749960906
1661943600,2022-08-31 11:00:00,1592.1575000000003,0.01097222222221856,0.0002348318144900722,0.00023880866129137007
1661947200,2022-08-31 12:00:00,1592.8269097222212,0.017013888888890785,0.000268828502682121,0.0002693130690878311
1661950800,2022-08-31 13:00:00,1593.9113541666675,0.014652777777770767,0.00024852355817511903,0.00024624317794555656
1661954400,2022-08-31 14:00:00,1583.6403472222219,0.012777777777772472,0.00023824311451422936,0.0002521879483359153
1661958000,2022-08-31 15:00:00,1552.0813888888888,0.015833333333331565,0.0002366310333928203,0.00025529221874340903
1661961600,2022-08-31 16:00:00,1553.494097222222,0.011111111111115216,0.00022109801053091615,0.00022237317544623105
1661965200,2022-08-31 17:00:00,1550.5243402777778,0.01118055555555644,0.00022255626408023771,0.0002482227531402008
1661968800,2022-08-31 18:00:00,1545.5689583333326,0.011249999999999242,0.00022537249246127905,0.0002446186416998588
1661972400,2022-08-31 19:00:00,1571.5353125000006,0.010486111111111049,0.00022717004624097249,0.00022393642872080405
1661976000,2022-08-31 20:00:00,1570.4786805555552,0.010277777777779483,0.00018930552610804102,0.00020578134920447424
1661979600,2022-08-31 21:00:00,1573.4082986111107,0.010624999999991915,0.0002864104819369432,0.00029182334047830535
1661983200,2022-08-31 22:00:00,1565.7357986111115,0.01048611111110789,0.0002624020014390311,0.0002690559782798702
1661986800,2022-08-31 23:00:00,1553.4178472222225,0.01069444444444735,0.000230027840511106,0.0002307826666750316
1661990400,2022-09-01 00:00:00,1553.4899305555557,0.011250000000007136,0.00023259697590472363,0.00024638112534694295
1661994000,2022-09-01 01:00:00,1555.8236111111107,0.010416666666668246,0.00024075802156756844,0.00022144279208285671
1661997600,2022-09-01 02:00:00,1563.8885416666667,0.010138888888889142,0.00021507251600352,0.00021767446272948882
1662001200,2022-09-01 03:00:00,1553.4989583333345,0.01055555555555543,0.00023509203116818322,0.00021814739607133764
1662004800,2022-09-01 04:00:00,1550.5093402777777,0.01006944444444318,0.00023402122555840857,0.00022479749892514422
1662008400,2022-09-01 05:00:00,1556.0095138888894,0.010277777777776324,0.00022590779456494424,0.00022022140720020229
1662012000,2022-09-01 06:00:00,1549.9399999999994,0.010694444444442612,0.00022555144463959044,0.00021861498196633721
1662015600,2022-09-01 07:00:00,1541.6739930555548,0.010902777777774177,0.00022354199081222576,0.0002642678983679838
1662019200,2022-09-01 08:00:00,1542.5675347222214,0.011319444444440465,0.00019305662258903275,0.00020732763719252695
1662022800,2022-09-01 09:00:00,1546.2703124999996,0.010208333333330365,0.0002031916282860373,0.00022584702852980766
1662026400,2022-09-01 10:00:00,1554.4121874999996,0.010208333333330365,0.00020372473627620089,0.0001879496314606782
1662030000,2022-09-01 11:00:00,1569.889444444444,0.011527777777779925,0.00022229120477829765,0.00019592711512330074
1662033600,2022-09-01 12:00:00,1567.2692013888884,0.01048611111110789,0.00019854683035196933,0.00021197980942296935
1662037200,2022-09-01 13:00:00,1562.7840624999997,0.013263888888891037,0.0002396388548463246,0.0002472054407306036
1662040800,2022-09-01 14:00:00,1541.4407986111116,0.012847222222215274,0.00027260512509891884,0.00030246970846391707
1662044400,2022-09-01 15:00:00,1531.551433566434,0.010559440559443675,0.00025899233530301305,0.00024344390821256086
1662048000,2022-09-01 16:00:00,1533.6011034482756,0.010206896551721127,0.00024007211434852422,0.00025537783280580906
1662051600,2022-09-01 17:00:00,1552.307534722223,0.01006944444444634,0.0002361408261271023,0.00021930301800750031
1662055200,2022-09-01 18:00:00,1560.6065625000003,0.010208333333331944,0.00021560101232113746,0.00021360507804112287
1662058800,2022-09-01 19:00:00,1560.4804166666675,0.010000000000000378,0.00020386816591965029,0.0001868420753942808
1662062400,2022-09-01 20:00:00,1574.741111111111,0.010277777777774746,0.0002112832321972074,0.00019117626381104857
1662066000,2022-09-01 21:00:00,1582.2916666666665,0.010277777777777905,0.0002521088920212546,0.00025572891039089693
1662069600,2022-09-01 22:00:00,1587.8961111111114,0.010277777777781062,0.000216107731655628,0.00019275652800731957
1662073200,2022-09-01 23:00:00,1585.5983680555555,0.010486111111115784,0.000187333288362193,0.00018704807226944885
1662076800,2022-09-02 00:00:00,1579.128576388889,0.010486111111104732,0.0001991167120575087,0.00020183976587688837
1662080400,2022-09-02 01:00:00,1577.1295833333331,0.009999999999997221,0.00018131074959999193,0.0001899239852102833
1662084000,2022-09-02 02:00:00,1574.6481249999988,0.010694444444437876,0.00018651346401071022,0.00020265243035672543
1662087600,2022-09-02 03:00:00,1596.9513888888887,0.010694444444437876,0.00023514448706861107,0.00021484641694266153
1662091200,2022-09-02 04:00:00,1596.4638194444442,0.010972222222223296,0.00020562742172583568,0.0001972833643184344
1662094800,2022-09-02 05:00:00,1589.7309722222226,0.0099999999999988,0.00019692508219027106,0.000206518744191497
1662098400,2022-09-02 06:00:00,1585.3479166666666,0.009999999999997221,0.00018334845891959428,0.00021423086552805901
1662102000,2022-09-02 07:00:00,1590.0066666666671,0.010000000000001959,0.00021750636418232664,0.00019517801045068842
1662105600,2022-09-02 08:00:00,1589.1474652777774,0.010208333333331944,0.0002048657884377645,0.00020808157286199177
1662109200,2022-09-02 09:00:00,1591.0301736111112,0.010069444444441602,0.00018996810628138093,0.00018279348591028466
1662112800,2022-09-02 10:00:00,1590.8769097222216,0.011041666666661362,0.0001897608274682065,0.0001830527778939001
1662116400,2022-09-02 11:00:00,1587.0704861111103,0.009999999999997221,0.00018674632988400518,0.00018815003782085457
1662120000,2022-09-02 12:00:00,1606.0862499999996,0.021805555555560987,0.0003120407584966643,0.0003436240193480183
1662123600,2022-09-02 13:00:00,1634.4348611111106,0.0111111111111089,0.0002168387509570809,0.00022052763192894487
1662127200,2022-09-02 14:00:00,1635.5774305555558,0.012083333333333397,0.0001737298654478398,0.0001823524773285466
1662130800,2022-09-02 15:00:00,1635.4539583333328,0.010000000000000378,0.00017274387671675293,0.0001703837424707946
1662134400,2022-09-02 16:00:00,1623.84,0.010138888888885984,0.0001746342060241814,0.00018474638489322207
1662138000,2022-09-02 17:00:00,1594.8039583333336,0.013611111111106626,0.00019473909135670202,0.0002155581391788341
1662141600,2022-09-02 18:00:00,1579.1400347222232,0.011874999999997094,0.00020980822966779153,0.00021088403472980198
1662145200,2022-09-02 19:00:00,1562.723958333333,0.010972222222220138,0.00019618327475809437,0.00020117956340732877
1662148800,2022-09-02 20:00:00,1558.3629166666663,0.010138888888885984,0.0001786353422785713,0.00019642477457885467
1662152400,2022-09-02 21:00:00,1575.5090972222226,0.009999999999997221,0.00026458874824305606,0.00021168819334187582
1662156000,2022-09-02 22:00:00,1577.144340277778,0.010208333333330365,0.00020335967005415074,0.00019770267278420837
1662159600,2022-09-02 23:00:00,1576.4992361111108,0.01013888888889072,0.0002245363504598676,0.00019133237598200324
1662163200,2022-09-03 00:00:00,1574.0127083333334,0.010277777777776324,0.0002319930384574612,0.00020842320500779498
1662166800,2022-09-03 01:00:00,1572.3800694444449,0.009999999999994062,0.00022401748759386697,0.00021643869179639375
1662170400,2022-09-03 02:00:00,1567.4482638888892,0.010000000000001959,0.000232590058444266,0.00023147219308742927
1662174000,2022-09-03 03:00:00,1560.2038194444442,0.010000000000000378,0.00021191965253554342,0.00024863783673590475
1662177600,2022-09-03 04:00:00,1563.0146527777777,0.010000000000011432,0.00023240568613304183,0.00022870364172925602
1662181200,2022-09-03 05:00:00,1567.5141319444447,0.01006944444444476,0.00023338993306081998,0.00020094971441410406
1662184800,2022-09-03 06:00:00,1564.508472222222,0.010000000000000378,0.0002220723461051449,0.00024593205856850435
1662188400,2022-09-03 07:00:00,1557.81111111111,0.01055555555555543,0.00021871893226119835,0.00025167604568057607
1662192000,2022-09-03 08:00:00,1544.366111111111,0.010138888888882825,0.00024837770035659367,0.00025723223062724146
1662195600,2022-09-03 09:00:00,1549.1272569444448,0.01006944444444476,0.0002416265413300545,0.0002715594247893456
1662199200,2022-09-03 10:00:00,1553.6765625,0.010347222222223864,0.00025379115760172763,0.0002113153487286132
1662202800,2022-09-03 11:00:00,1549.4054166666663,0.009999999999994062,0.0002223713235769967,0.0002229212055767949
1662206400,2022-09-03 12:00:00,1552.4206597222226,0.010069444444441602,0.0002340760425488799,0.0002202667083538776
1662210000,2022-09-03 13:00:00,1556.7918750000006,0.010000000000008273,0.0002261550203707926,0.00022715481832318713
1662213600,2022-09-03 14:00:00,1551.9162499999993,0.010138888888889142,0.00019297054782469838,0.00021915423337110233
1662217200,2022-09-03 15:00:00,1547.983784722223,0.010347222222225443,0.0002057424330818336,0.0002358317786192236
1662220800,2022-09-03 16:00:00,1550.523229166667,0.010069444444449497,0.00019929810446047108,0.00021423269356236544
1662224400,2022-09-03 17:00:00,1549.1501736111115,0.01048611111110789,0.00019582203805253468,0.00020520016914763394
1662228000,2022-09-03 18:00:00,1553.732361111112,0.010138888888884404,0.00019807356290362085,0.00020131688578546532
1662231600,2022-09-03 19:00:00,1549.481319444445,0.01055555555555385,0.00023046623642213954,0.00021469554758789936
1662235200,2022-09-03 20:00:00,1549.888194444445,0.010000000000003537,0.00023629366337593277,0.00022136954297799456
1662238800,2022-09-03 21:00:00,1553.0222916666671,0.009999999999995643,0.00028501051467423946,0.0003026139021843792
1662242400,2022-09-03 22:00:00,1556.1262499999996,0.010000000000005116,0.00025269953270014154,0.00022976941589821607
1662246000,2022-09-03 23:00:00,1553.8263194444442,0.009999999999994062,0.00018935738810853391,0.00021174497785646825
1662249600,2022-09-04 00:00:00,1556.7993055555553,0.010000000000006695,0.0002216675607242729,0.00019376295574087977
1662253200,2022-09-04 01:00:00,1555.3628472222226,0.01000000000001301,0.00019906596585650494,0.00020684785570886433
1662256800,2022-09-04 02:00:00,1554.0136805555555,0.010138888888884404,0.0002043475698232508,0.0002049467165266931
1662260400,2022-09-04 03:00:00,1550.8706944444446,0.0099999999999988,0.00022158222750106465,0.00020326632567444793
1662264000,2022-09-04 04:00:00,1552.046666666667,0.009999999999992484,0.00020488426843969342,0.00020327928058120592
1662267600,2022-09-04 05:00:00,1553.3230208333334,0.010208333333330365,0.00019411107413887612,0.0001987276909401931
1662271200,2022-09-04 06:00:00,1549.8926736111105,0.010208333333333522,0.0001970003863344383,0.0002157348647635433
1662274800,2022-09-04 07:00:00,1547.0696527777775,0.009999999999995643,0.0002058920959846515,0.00021746928657847514
1662278400,2022-09-04 08:00:00,1548.9120486111108,0.010486111111117365,0.00020840732181975566,0.00020274837430862543
1662282000,2022-09-04 09:00:00,1554.808194444445,0.01013888888889072,0.00021259186370702388,0.0001851183964569036
1662285600,2022-09-04 10:00:00,1553.964791666667,0.010000000000000378,0.0002049985391147671,0.00018895913458586626
1662289200,2022-09-04 11:00:00,1553.855034722223,0.01006944444444476,0.00019679430124292825,0.0001780248929395951
1662292800,2022-09-04 12:00:00,1565.5958333333338,0.012222222222219001,0.00020675725606496962,0.0001986975397437845
1662296400,2022-09-04 13:00:00,1560.3252083333327,0.009999999999995643,0.00017393529239342114,0.00019323327826036924
1662300000,2022-09-04 14:00:00,1550.5763194444437,0.010138888888887563,0.00018074333411900937,0.00017764898620378246
1662303600,2022-09-04 15:00:00,1554.9361111111111,0.009999999999994062,0.00015957050219236697,0.0001816077871047094
1662307200,2022-09-04 16:00:00,1560.8177777777773,0.010416666666669825,0.0001878020785908166,0.00017472003001416353
1662310800,2022-09-04 17:00:00,1568.3814236111114,0.010208333333330365,0.0001853577127929578,0.0001772207318413031
1662314400,2022-09-04 18:00:00,1566.7248611111108,0.010000000000001959,0.00015798909872708004,0.0001717601724615194
1662318000,2022-09-04 19:00:00,1565.8244444444458,0.010000000000000378,0.00015665540357319462,0.00017196593766360325
1662321600,2022-09-04 20:00:00,1568.1241666666665,0.009999999999995643,0.00016047516923341812,0.00016486520193916495
1662325200,2022-09-04 21:00:00,1571.6986111111114,0.01041666666666193,0.00023835727617102682,0.0002179030405997283
1662328800,2022-09-04 22:00:00,1567.6842361111112,0.010555555555561745,0.00023191913343412012,0.00021727586410909283
1662332400,2022-09-04 23:00:00,1572.6371180555568,0.010208333333327206,0.00018854596996583145,0.00020837014733323273
1662336000,2022-09-05 00:00:00,1575.6277083333339,0.01111111111111048,0.00022517266032737196,0.00022157064705533768
1662339600,2022-09-05 01:00:00,1576.9639236111118,0.010069444444440023,0.00020496001890472286,0.0002061885204721428
1662343200,2022-09-05 02:00:00,1572.9422222222233,0.01013888888889072,0.00019205518894035506,0.00019680261660825712
1662346800,2022-09-05 03:00:00,1574.5042361111111,0.009999999999995643,0.00019890428071916739,0.00019851951372256915
1662350400,2022-09-05 04:00:00,1575.3200694444438,0.0099999999999988,0.00019597214210244725,0.00018947485404652634
1662354000,2022-09-05 05:00:00,1564.1450347222221,0.010208333333331944,0.00017493200459688126,0.00021458268405895962
1662357600,2022-09-05 06:00:00,1563.4913541666674,0.01006944444444318,0.0001821645328222804,0.00019693244870774696
1662361200,2022-09-05 07:00:00,1562.5476736111098,0.01006944444444634,0.00017933018072814909,0.00021099136943815726
1662364800,2022-09-05 08:00:00,1562.8495138888895,0.010138888888884404,0.00017768207003109263,0.0001913646322992417
1662368400,2022-09-05 09:00:00,1563.7043055555546,0.009999999999995643,0.00016364010410172537,0.00018237363682368162
1662372000,2022-09-05 10:00:00,1563.9329513888886,0.01020833333333826,0.0001734011163908151,0.00016774628714382733
1662375600,2022-09-05 11:00:00,1563.4241319444445,0.010347222222217548,0.00018031934328402273,0.00017030878547811846
1662379200,2022-09-05 12:00:00,1568.3210416666666,0.010000000000000378,0.0001703064222976913,0.00016218990118593995
1662382800,2022-09-05 13:00:00,1574.201041666667,0.010138888888893879,0.00016923163657038282,0.00017089310414366212
1662386400,2022-09-05 14:00:00,1581.1758680555556,0.010208333333330365,0.00016617946554503066,0.00016494352622847494
1662390000,2022-09-05 15:00:00,1597.3590277777766,0.010555555555550692,0.00016416928212258498,0.00017828414396414607
1662393600,2022-09-05 16:00:00,1600.5978819444445,0.01034722222221597,0.00016191740352350097,0.00019441039536860526
1662397200,2022-09-05 17:00:00,1594.0502083333329,0.010000000000000378,0.00016285581938289354,0.00022272067146041384
1662400800,2022-09-05 18:00:00,1584.9848958333337,0.010902777777788388,0.00018933189187853266,0.000185977881588462
1662404400,2022-09-05 19:00:00,1586.052152777778,0.0099999999999988,0.000166626061408511,0.00017776266096734814
1662408000,2022-09-05 20:00:00,1594.0911805555554,0.010138888888892299,0.00018549961672114054,0.00018173430942183174
1662411600,2022-09-05 21:00:00,1595.690972222223,0.011111111111112059,0.0002223136837412656,0.00025547397202572384
1662415200,2022-09-05 22:00:00,1597.0569444444448,0.010138888888885984,0.00019190139061862817,0.00020539264765794362
1662418800,2022-09-05 23:00:00,1607.5164236111102,0.016458333333329418,0.0002181092316309407,0.00020401912973972664
1662422400,2022-09-06 00:00:00,1637.1282986111116,0.011319444444440465,0.0002369288703085447,0.0002217716857143666
1662426000,2022-09-06 01:00:00,1661.8774999999998,0.011944444444446213,0.00020792289030205368,0.00021433811545426912
1662429600,2022-09-06 02:00:00,1634.956423611111,0.01395833333333327,0.0002119282427323211,0.00019994051668708603
1662433200,2022-09-06 03:00:00,1636.2804166666667,0.010138888888892299,0.00018955314006236242,0.00020817254157322906
1662436800,2022-09-06 04:00:00,1642.9280208333337,0.010486111111112627,0.00019120669152598136,0.0001988028690996904
1662440400,2022-09-06 05:00:00,1649.3879166666668,0.01166666666666711,0.00020148166804809922,0.00018461001231350778
1662444000,2022-09-06 06:00:00,1661.22670138889,0.011597222222224306,0.00020311077015801806,0.0001922764870903854
1662447600,2022-09-06 07:00:00,1662.1517361111114,0.010694444444444192,0.00019881313144653987,0.00020843010822927595
1662451200,2022-09-06 08:00:00,1658.1668750000001,0.010416666666665087,0.00018727255321404547,0.00018459578051653196
1662454800,2022-09-06 09:00:00,1656.138298611111,0.010069444444436866,0.00019938576965229324,0.0002058216714056076
1662458400,2022-09-06 10:00:00,1661.4588194444436,0.010277777777779483,0.00021640208131580127,0.00020453134916279466
1662462000,2022-09-06 11:00:00,1665.4044097222215,0.01048611111110789,0.00019576229461544599,0.0001979740199280833
1662465600,2022-09-06 12:00:00,1673.9668750000005,0.01236111111111566,0.00020942825493721346,0.00019260721019229827
1662469200,2022-09-06 13:00:00,1660.4929513888892,0.010902777777778915,0.00020831032050173988,0.0002143426004372988
1662472800,2022-09-06 14:00:00,1651.2223611111112,0.013194444444441919,0.00022099638745582136,0.00019077191446708775
1662476400,2022-09-06 15:00:00,1665.1149652777772,0.010208333333330365,0.0002019494608084423,0.0001842374926487459
1662480000,2022-09-06 16:00:00,1661.279861111111,0.010416666666666666,0.00019002616246866635,0.00020269078634576593
1662483600,2022-09-06 17:00:00,1605.790451388889,0.022430555555550943,0.00033817111636973434,0.000354211050771255
1662487200,2022-09-06 18:00:00,1578.4494097222223,0.012152777777780935,0.00024661383745809063,0.0002610230375002178
1662490800,2022-09-06 19:00:00,1575.4060069444447,0.010069444444438445,0.00024416834770019867,0.00023926160477221698
1662494400,2022-09-06 20:00:00,1570.382465277779,0.011597222222213254,0.0002377902094444521,0.00023046549952345584
1662498000,2022-09-06 21:00:00,1582.4620138888897,0.009999999999997221,0.00027068824338057464,0.0002758958777054118
1662501600,2022-09-06 22:00:00,1578.7194444444442,0.009999999999995643,0.00020126427378451805,0.00024399066944929737
1662505200,2022-09-06 23:00:00,1568.4354861111108,0.0099999999999988,0.00019763015348753991,0.00023119726076070612
1662508800,2022-09-07 00:00:00,1541.3383680555553,0.012708333333334407,0.00020357224420862984,0.0002095649216042867
1662512400,2022-09-07 01:00:00,1531.1001041666677,0.01090277777777102,0.000182618083714964,0.00021562150611916103
1662516000,2022-09-07 02:00:00,1507.2780208333336,0.011319444444437308,0.00020474672948986444,0.00024592396651833265
1662519600,2022-09-07 03:00:00,1505.5570138888884,0.010000000000003537,0.00019233785495754112,0.00019253543448186826
1662523200,2022-09-07 04:00:00,1505.737013888889,0.010138888888882825,0.00020192104015377948,0.00018782663078208478
1662526800,2022-09-07 05:00:00,1513.2679513888893,0.010486111111109468,0.00020553064562518818,0.00018211002523496275
1662530400,2022-09-07 06:00:00,1517.2505902777784,0.01006944444444634,0.0002026194069008573,0.00020476756518725451
1662534000,2022-09-07 07:00:00,1516.117083333334,0.010138888888885984,0.0001907929464593029,0.00020836787744028606
1662537600,2022-09-07 08:00:00,1517.765138888889,0.010138888888895458,0.00019633099451558115,0.00019081928341463286
1662541200,2022-09-07 09:00:00,1518.052361111111,0.010000000000003537,0.00019962039483880078,0.00018540783484220801
1662544800,2022-09-07 10:00:00,1513.2127777777778,0.010000000000000378,0.00017282934745953596,0.0002055254954655819
1662548400,2022-09-07 11:00:00,1511.627152777778,0.009999999999994062,0.00020511495857934963,0.00021643289470623753
1662552000,2022-09-07 12:00:00,1508.8925694444447,0.01083333333333927,0.0002260789156540751,0.00022972164403777724
1662555600,2022-09-07 13:00:00,1536.095069444444,0.011249999999994506,0.0002702795928634282,0.00024119828086258469
1662559200,2022-09-07 14:00:00,1539.9703472222222,0.010277777777771589,0.00025118823609394486,0.00025388931335725506
1662562800,2022-09-07 15:00:00,1543.1846527777777,0.009999999999995643,0.00020207822822687946,0.00020099710139758582
1662566400,2022-09-07 16:00:00,1546.3058333333327,0.010416666666663509,0.00022026766109234592,0.0002133135546675941
1662570000,2022-09-07 17:00:00,1558.0481249999991,0.011388888888881689,0.00022807550049859607,0.00024004470627583298
1662573600,2022-09-07 18:00:00,1568.5397916666675,0.01055555555555385,0.00021742353833745782,0.00021331542058730744
1662577200,2022-09-07 19:00:00,1572.8788194444453,0.01069444444444735,0.00018419622845054583,0.0002098798706846244
1662580800,2022-09-07 20:00:00,1617.0332291666664,0.020486111111111427,0.00029766952420639755,0.0002519104390144354
1662584400,2022-09-07 21:00:00,1639.8018750000017,0.013611111111100312,0.00029042597260687706,0.00030848101751942953
1662588000,2022-09-07 22:00:00,1644.1766319444444,0.010347222222219128,0.00020163279679444388,0.0002227806459176504
1662591600,2022-09-07 23:00:00,1634.7664236111118,0.010208333333330365,0.00016023871208098938,0.00016009478853615635
1662595200,2022-09-08 00:00:00,1627.0022569444443,0.010347222222217548,0.00018912177422960577,0.00018403014510005907
1662598800,2022-09-08 01:00:00,1622.367569444444,0.010000000000005116,0.0002189937625290151,0.00020571455639597033
1662602400,2022-09-08 02:00:00,1623.649618055555,0.01006944444444318,0.00022370786914051527,0.00021227306910879366
1662606000,2022-09-08 03:00:00,1627.4731250000004,0.010277777777774746,0.00022329453881415334,0.00020441347622764155
1662609600,2022-09-08 04:00:00,1637.000659722223,0.010069444444449497,0.00023699986599668604,0.00018882901015096365
1662613200,2022-09-08 05:00:00,1636.619756944444,0.010208333333339838,0.00020169391085497897,0.00021556337586749497
1662616800,2022-09-08 06:00:00,1630.07954861111,0.01006944444444476,0.00019717846219784564,0.00023476446030636281
1662620400,2022-09-08 07:00:00,1613.7514583333334,0.01166666666666553,0.00024069480206732072,0.0002474106847778144
1662624000,2022-09-08 08:00:00,1614.2472569444444,0.012152777777779357,0.00020641529306005536,0.00022248925852745658
1662627600,2022-09-08 09:00:00,1617.3040277777777,0.010833333333332954,0.0002008351520173883,0.00021755160901480665
1662631200,2022-09-08 10:00:00,1629.4246180555563,0.010902777777774177,0.0002155313616897461,0.0002184985858998294
1662634800,2022-09-08 11:00:00,1635.6192013888888,0.010208333333333522,0.00021723967695745218,0.00022535523918778595
1662638400,2022-09-08 12:00:00,1627.096770833334,0.013680555555554166,0.00025186869163913364,0.0002784724962178278
1662642000,2022-09-08 13:00:00,1619.478402777778,0.022222222222224117,0.000304585757312717,0.00028966749284106404
1662645600,2022-09-08 14:00:00,1632.0320833333326,0.013749999999998548,0.0002622016657468527,0.0002912863415415415
1662649200,2022-09-08 15:00:00,1637.2220138888893,0.011527777777773609,0.00024276990707447507,0.0002483666637432232
1662652800,2022-09-08 16:00:00,1621.4769791666668,0.012569444444442487,0.00028820780909526926,0.00027476556695018987
1662656400,2022-09-08 17:00:00,1630.7521180555557,0.01048611111110789,0.00023932842730498333,0.0002484319620520849
1662660000,2022-09-08 18:00:00,1629.3873611111105,0.010416666666671404,0.00023754355680077603,0.00024173377188264206
1662663600,2022-09-08 19:00:00,1631.1723611111104,0.011249999999994506,0.00021961652169899946,0.0002346841395540933
1662667200,2022-09-08 20:00:00,1646.4795138888899,0.013749999999998548,0.00023213550502805102,0.00025353065108986683
1662670800,2022-09-08 21:00:00,1638.1574305555548,0.009999999999994062,0.00023629946090869552,0.00024876892081327964
1662674400,2022-09-08 22:00:00,1631.7730555555552,0.010000000000000378,0.00018313913448106587,0.0001932209655183579
1662678000,2022-09-08 23:00:00,1632.7749305555556,0.009999999999995643,0.00015778373701327207,0.00016413442672492202
1662681600,2022-09-09 00:00:00,1638.7805902777782,0.010208333333330365,0.00014962592979383076,0.00015847996457773732
1662685200,2022-09-09 01:00:00,1637.3474305555565,0.010416666666668246,0.00015650397928266974,0.00017566800153035985
1662688800,2022-09-09 02:00:00,1638.4026388888885,0.010416666666663509,0.00015506374540281425,0.0001537503564344837
1662692400,2022-09-09 03:00:00,1653.2902777777776,0.013194444444441919,0.0001921222018247368,0.00017823046492866038
1662696000,2022-09-09 04:00:00,1689.6147569444443,0.014513888888891479,0.00022104014298009492,0.00023148752015073233
1662699600,2022-09-09 05:00:00,1702.329756944445,0.015347222222219317,0.0002274486987597932,0.00022833740417554325
1662703200,2022-09-09 06:00:00,1707.1293055555552,0.011805555555547976,0.0002132065633831168,0.00021219715365907064
1662706800,2022-09-09 07:00:00,1705.3172569444455,0.010069444444440023,0.00017060244729075536,0.00017920497732453345
1662710400,2022-09-09 08:00:00,1705.9496180555552,0.010624999999998231,0.00016892262131619116,0.0001626666176563649
1662714000,2022-09-09 09:00:00,1692.9025000000001,0.010277777777773167,0.00017099167295718084,0.00023998033462478856
1662717600,2022-09-09 10:00:00,1697.7159722222232,0.010138888888895458,0.0001838550543623139,0.00018255212302177568
1662721200,2022-09-09 11:00:00,1701.7640972222225,0.010000000000003537,0.0001820868113782141,0.00019774088101228576
1662724800,2022-09-09 12:00:00,1715.3821874999999,0.010347222222222285,0.00020473899722080112,0.00017614383466345196
1662728400,2022-09-09 13:00:00,1717.1966666666658,0.011249999999999242,0.00022726825256497423,0.00024919089427890726
1662732000,2022-09-09 14:00:00,1722.2007291666666,0.010208333333336681,0.00019541584934911364,0.00021616611015057123
1662735600,2022-09-09 15:00:00,1723.8940972222215,0.010555555555560167,0.0001802766119392425,0.00020734633600782965
1662739200,2022-09-09 16:00:00,1711.177048611111,0.010208333333327206,0.00020786448929227376,0.0002007305855409754
1662742800,2022-09-09 17:00:00,1710.855972222222,0.010972222222221717,0.00019695801705128002,0.00020387413500753908
1662746400,2022-09-09 18:00:00,1701.5859374999998,0.010486111111104732,0.00019069288872769198,0.00020524682098268577
1662750000,2022-09-09 19:00:00,1712.3081944444443,0.011388888888883267,0.00022288699471051116,0.00018751194069524182
1662753600,2022-09-09 20:00:00,1720.4069097222214,0.010069444444441602,0.00021032482805296237,0.00020766219872289193
1662757200,2022-09-09 21:00:00,1716.2907638888885,0.0099999999999988,0.00023850662686476147,0.00024475922943400597
1662760800,2022-09-09 22:00:00,1717.5672222222227,0.010000000000000378,0.00023923605569284512,0.0002300626606854642
1662764400,2022-09-09 23:00:00,1715.742743055556,0.013958333333328533,0.00022706239422922174,0.00023519269893524576
1662768000,2022-09-10 00:00:00,1711.9785416666668,0.010138888888893879,0.00022817162563514002,0.00020937541536631053
1662771600,2022-09-10 01:00:00,1720.8392708333336,0.010902777777775756,0.00022233172106722002,0.00022239507472856057
1662775200,2022-09-10 02:00:00,1724.7421180555555,0.010347222222228602,0.00021260399117512216,0.00021524225583616655
1662778800,2022-09-10 03:00:00,1735.1483680555555,0.01006944444444476,0.00025129091368498026,0.00023883381678249034
1662782400,2022-09-10 04:00:00,1733.584756944444,0.01006944444444634,0.00023916249873297553,0.0002554967248203357
1662786000,2022-09-10 05:00:00,1732.8387152777782,0.011041666666667678,0.00020872961718402942,0.00024653746174926563
1662789600,2022-09-10 06:00:00,1731.4712499999996,0.010277777777773167,0.00022062617767138913,0.00024504230896005
1662793200,2022-09-10 07:00:00,1725.4949305555558,0.010138888888887563,0.00021984645362033015,0.0002159634163391549
1662796800,2022-09-10 08:00:00,1715.0019444444445,0.01055555555555543,0.0001961601195582125,0.0002197509831596787
1662800400,2022-09-10 09:00:00,1718.575694444444,0.010138888888885984,0.0002118863188324684,0.00020124728336823618
1662804000,2022-09-10 10:00:00,1720.651180555556,0.009999999999997221,0.00020963151923464527,0.00019123524334624647
1662807600,2022-09-10 11:00:00,1724.4534027777777,0.010000000000005116,0.00023023498757723226,0.00021076239528118864
1662811200,2022-09-10 12:00:00,1723.5345138888883,0.010416666666665087,0.00022736674923052024,0.00022785489747394406
1662814800,2022-09-10 13:00:00,1720.595659722221,0.010069444444441602,0.00022004684703236975,0.00021388376977776854
1662818400,2022-09-10 14:00:00,1717.1652083333333,0.009999999999997221,0.00020551327234319769,0.00022920246464299969
1662822000,2022-09-10 15:00:00,1716.288958333333,0.010000000000001959,0.0001923276637072488,0.00021707088659894517
1662825600,2022-09-10 16:00:00,1715.645104166666,0.011180555555553282,0.00019343865985783446,0.00023580230669185387
1662829200,2022-09-10 17:00:00,1719.2249999999995,0.010000000000008273,0.00020612116801596732,0.0002165515931492819
1662832800,2022-09-10 18:00:00,1731.736111111111,0.011388888888884847,0.0002180782859040331,0.0001936169502758806
1662836400,2022-09-10 19:00:00,1736.3734374999992,0.010208333333335103,0.00021724404193157064,0.00020655524540174073
1662840000,2022-09-10 20:00:00,1734.7561111111108,0.010416666666666666,0.0001987049108883815,0.00021082304156513898
1662843600,2022-09-10 21:00:00,1740.5533680555554,0.018541666666665593,0.00027351364143413895,0.00026085411204087374
1662847200,2022-09-10 22:00:00,1765.6769791666673,0.011180555555562756,0.0003114175831213965,0.00025965205649764936
1662850800,2022-09-10 23:00:00,1779.475069444445,0.010138888888889142,0.000238172456925707,0.00023314665212581463
1662854400,2022-09-11 00:00:00,1773.2285069444436,0.011458333333335544,0.00022321515010238513,0.0002327975254077688
1662858000,2022-09-11 01:00:00,1769.1071874999996,0.012569444444442487,0.00022040558443996644,0.00023445170149726283
1662861600,2022-09-11 02:00:00,1760.4213888888878,0.0099999999999988,0.00021744864770644024,0.00023671264096387576
1662865200,2022-09-11 03:00:00,1764.6197916666652,0.010138888888885984,0.00019580959005420983,0.0002015940064382075
1662868800,2022-09-11 04:00:00,1761.05201388889,0.0099999999999988,0.00018309584663784843,0.00022400315747957467
1662872400,2022-09-11 05:00:00,1761.7180555555556,0.010000000000003537,0.0001841292437637804,0.00021120002236975406
1662876000,2022-09-11 06:00:00,1757.5353472222225,0.010277777777777905,0.00019995045181714417,0.0002104872801717704
1662879600,2022-09-11 07:00:00,1757.3189930555554,0.011041666666659782,0.00019305506699462084,0.00020588378551769795
1662883200,2022-09-11 08:00:00,1761.2884375000006,0.011319444444442044,0.0001972018453235409,0.00020068031827649772
1662886800,2022-09-11 09:00:00,1761.2181944444444,0.009999999999997221,0.00019418892909771034,0.00020309521754807133
1662890400,2022-09-11 10:00:00,1759.5897916666668,0.010000000000000378,0.00019426347967526543,0.00021350882573780184
1662894000,2022-09-11 11:00:00,1769.3018055555558,0.010416666666669825,0.00019305653903749277,0.00019027906389302963
1662897600,2022-09-11 12:00:00,1769.8676388888885,0.0099999999999988,0.00020795991536602844,0.00019960798219754292
1662901200,2022-09-11 13:00:00,1765.6228125000005,0.010486111111104732,0.0001991118695739824,0.000236574974405945
1662904800,2022-09-11 14:00:00,1761.3661111111114,0.0099999999999988,0.0002178333479494896,0.0002308448549973016
1662908400,2022-09-11 15:00:00,1767.9752083333344,0.02152777777777241,0.00024568807654673096,0.0002108037722435959
1662912000,2022-09-11 16:00:00,1769.5105555555544,0.009999999999995643,0.0002033186786351911,0.00024710191209746467
1662915600,2022-09-11 17:00:00,1773.1004166666667,0.010416666666666666,0.00022813692189246917,0.00024703292413803547
1662919200,2022-09-11 18:00:00,1768.9243055555553,0.01097222222221856,0.00023747479087501286,0.0002597123021733277
1662922800,2022-09-11 19:00:00,1760.9647916666668,0.010000000000001959,0.0002196767076197897,0.00024483639982212545
1662926400,2022-09-11 20:00:00,1757.6090277777776,0.01250000000000442,0.00023604568000824345,0.00025192091969131403
1662930000,2022-09-11 21:00:00,1752.6744791666672,0.012291666666663382,0.0002724041632786535,0.00028377543125310647
1662933600,2022-09-11 22:00:00,1746.4062500000002,0.010277777777771589,0.00021278353430539563,0.00021155755950591533
1662937200,2022-09-11 23:00:00,1751.5589583333333,0.012777777777772472,0.00019877239644669036,0.00017748516132929537
1662940800,2022-09-12 00:00:00,1753.447777777778,0.010000000000008273,0.00017665624652507493,0.00021944583615234598
1662944400,2022-09-12 01:00:00,1750.367222222223,0.01041666666666193,0.00023987884298331204,0.00024106823436489207
1662948000,2022-09-12 02:00:00,1742.1268055555552,0.011388888888883267,0.0002590771138908075,0.0002718014105361046
1662951600,2022-09-12 03:00:00,1727.1546874999997,0.012430555555553724,0.00029735599754946297,0.0002823750145364188
1662955200,2022-09-12 04:00:00,1725.9742361111107,0.010138888888885984,0.0002467924739387229,0.0002190792391945655
1662958800,2022-09-12 05:00:00,1726.0658333333342,0.010416666666663509,0.0002580326852526441,0.00024427859485241506
1662962400,2022-09-12 06:00:00,1728.6498263888889,0.010902777777778915,0.0002753528427129506,0.0002248281139131637
1662966000,2022-09-12 07:00:00,1743.9490972222227,0.010694444444441033,0.00028656052187224756,0.00021472276775097253
1662969600,2022-09-12 08:00:00,1753.8079861111107,0.012499999999996526,0.00021706472883421205,0.00023268590919211596
1662973200,2022-09-12 09:00:00,1750.634791666667,0.010000000000001959,0.00021065471413765413,0.00023469709001716204
1662976800,2022-09-12 10:00:00,1740.6940277777787,0.010833333333332954,0.00022611324946879676,0.00024866724185577564
1662980400,2022-09-12 11:00:00,1748.186875,0.011111111111113637,0.0002522762559774097,0.00022813927465872188
1662984000,2022-09-12 12:00:00,1743.094375000001,0.010138888888887563,0.0002590417728917266,0.00024407027093462482
1662987600,2022-09-12 13:00:00,1745.0234375000007,0.014791666666665846,0.0002663029604831004,0.0002301731202698651
1662991200,2022-09-12 14:00:00,1743.1260763888886,0.010625000000006126,0.0002438668374295145,0.0002440431951227197
1662994800,2022-09-12 15:00:00,1722.9778472222226,0.011805555555560608,0.000215363321942277,0.00027083440994459267
1662998400,2022-09-12 16:00:00,1707.109756944445,0.01340277777777822,0.00026015927653072707,0.0002768275922823369
1663002000,2022-09-12 17:00:00,1712.270208333333,0.010138888888887563,0.00023356014640988783,0.00023552655146703353
1663005600,2022-09-12 18:00:00,1723.1610416666679,0.0099999999999988,0.0002535967125365096,0.00025114240727854746
1663009200,2022-09-12 19:00:00,1724.2412152777777,0.010208333333333522,0.00025607783357597453,0.0002655706808872167
1663012800,2022-09-12 20:00:00,1723.173993055555,0.010347222222217548,0.00022284636846395223,0.00027034940193253903
1663016400,2022-09-12 21:00:00,1712.430555555555,0.009999999999992484,0.0003065151031098739,0.00031533536289047974
1663020000,2022-09-12 22:00:00,1708.4600000000005,0.010555555555550692,0.00022166677249428477,0.0002129966726405431
1663023600,2022-09-12 23:00:00,1708.3726388888883,0.0099999999999988,0.00017212413197526368,0.00018283638466475767
1663027200,2022-09-13 00:00:00,1693.266527777777,0.012222222222222159,0.00018800458893851202,0.00020150979012952653
1663030800,2022-09-13 01:00:00,1690.0583680555553,0.010347222222220707,0.00018827903163458343,0.00018056264704221166
1663034400,2022-09-13 02:00:00,1693.520243055556,0.010208333333331944,0.0002189525581792327,0.0002202726244319608
1663038000,2022-09-13 03:00:00,1705.8807986111108,0.011041666666669257,0.00025643370927378855,0.00020765799404935914
1663041600,2022-09-13 04:00:00,1713.9171875000002,0.012986111111110353,0.0002688987239860615,0.000262626924858303
1663045200,2022-09-13 05:00:00,1715.947777777779,0.009999999999995643,0.00023169730732654177,0.000229699001355973
1663048800,2022-09-13 06:00:00,1716.306111111112,0.011944444444446213,0.00023348830320989725,0.0002475686788646803
1663052400,2022-09-13 07:00:00,1710.3238541666667,0.011180555555546966,0.00023637654602255833,0.00025825439841419847
1663056000,2022-09-13 08:00:00,1712.0928124999998,0.010347222222219128,0.000217704222224187,0.00024158514653945692
1663059600,2022-09-13 09:00:00,1718.6611188811194,0.010349650349650477,0.00022921305868781424,0.0002234509948925381
1663063200,2022-09-13 10:00:00,1725.5250000000005,0.011388888888884847,0.00023824408703470193,0.00020194317364708667
1663066800,2022-09-13 11:00:00,1737.0668402777783,0.01006944444444476,0.0002436824854948315,0.0002158670673727706
1663070400,2022-09-13 12:00:00,1700.4145833333341,0.16861111111110302,0.00053471714856137,0.0005092321688227221
1663074000,2022-09-13 13:00:00,1613.9797222222232,0.023194444444451772,0.0003686720036025815,0.00036992458191047216
1663077600,2022-09-13 14:00:00,1597.2413888888893,0.013611111111111364,0.0003075707778908348,0.00027952389863519924
1663081200,2022-09-13 15:00:00,1589.6205555555553,0.010555555555552272,0.0002503447500918065,0.00024658769366687447
1663084800,2022-09-13 16:00:00,1598.0686111111108,0.010416666666668246,0.00024002889173076525,0.0002096556919577136
1663088400,2022-09-13 17:00:00,1617.030972222223,0.011249999999999242,0.00021553209493153084,0.00022905088523957737
1663092000,2022-09-13 18:00:00,1606.495034722223,0.010347222222228602,0.00021882429221711016,0.0002426298736210581
1663095600,2022-09-13 19:00:00,1588.9682638888892,0.01055555555555385,0.00029026948050672806,0.0002496415755233726
1663099200,2022-09-13 20:00:00,1612.345659722222,0.011597222222221149,0.00026114705711862454,0.00022772803041365105
1663102800,2022-09-13 21:00:00,1593.1937847222225,0.010763888888885416,0.0003004566406792447,0.00034947249925176913
1663106400,2022-09-13 22:00:00,1590.059201388889,0.010763888888882257,0.0002648591019896326,0.00022499471491979853
1663110000,2022-09-13 23:00:00,1573.0498958333342,0.010347222222222285,0.00022242646541117763,0.00026157986513280823
1663113600,2022-09-14 00:00:00,1566.4636111111108,0.01222222222222058,0.0002599652520027483,0.0003138647302078867
1663117200,2022-09-14 01:00:00,1573.2504861111113,0.010138888888889142,0.0002574059122426092,0.00027327291157758004
1663120800,2022-09-14 02:00:00,1586.4646180555544,0.01006944444444476,0.0002714320700940594,0.00024661171676634993
1663124400,2022-09-14 03:00:00,1596.5569097222221,0.01006944444444476,0.00024850020674198206,0.000260637479718593
1663128000,2022-09-14 04:00:00,1603.3927777777776,0.010277777777777905,0.000249677463238807,0.0002516953609448186
1663131600,2022-09-14 05:00:00,1613.1604166666662,0.010000000000001959,0.00025345867933216346,0.0002458766050715698
1663135200,2022-09-14 06:00:00,1608.8468749999997,0.010277777777777905,0.00024009779461409389,0.00028984321453651325
1663138800,2022-09-14 07:00:00,1608.6445486111115,0.010902777777772599,0.0002587340910917348,0.0002802415177363906
1663142400,2022-09-14 08:00:00,1596.072569444444,0.012361111111106184,0.00025790981900101345,0.00030448883234046836
1663146000,2022-09-14 09:00:00,1598.476145833333,0.01076388888889173,0.00025474987876740473,0.000268129015353725
1663149600,2022-09-14 10:00:00,1596.523819444445,0.010000000000005116,0.00025307783856002414,0.0002519454409059594
1663153200,2022-09-14 11:00:00,1596.2853819444438,0.01062500000000139,0.00025453805416168675,0.0002661087148503195
1663156800,2022-09-14 12:00:00,1593.653541666667,0.012083333333339712,0.0003178935420161667,0.00032546664505936536
1663160400,2022-09-14 13:00:00,1599.7877931034477,0.010344827586202192,0.0003346498801615939,0.00034277336889548566
1663164000,2022-09-14 14:00:00,1595.3757986111113,0.011597222222221149,0.0003233089205167786,0.00030146098895052095
1663167600,2022-09-14 15:00:00,1595.0417482517475,0.010069930069924092,0.0002622829101089563,0.0002689176681899388
1663171200,2022-09-14 16:00:00,1585.5437931034483,0.010482758620686393,0.00028703505460608934,0.0002767138581540915
1663174800,2022-09-14 17:00:00,1587.3675347222222,0.010347222222222285,0.0002652175738408294,0.0002579874939828321
1663178400,2022-09-14 18:00:00,1576.3863194444448,0.0112500000000024,0.00033172084786998774,0.0003208172602335064
1663182000,2022-09-14 19:00:00,1580.8820979020986,0.010069930069924092,0.00030959040171044117,0.0002566058440642349
1663185600,2022-09-14 20:00:00,1591.8807931034482,0.009999999999992473,0.00028587838922780704,0.0002597231759080548
1663189200,2022-09-14 21:00:00,1598.2648263888893,0.01006944444444634,0.00033971746671245174,0.0003140815644094305
1663192800,2022-09-14 22:00:00,1621.1816666666668,0.012499999999994947,0.0002988383917638364,0.00027384699469522626
1663196400,2022-09-14 23:00:00,1630.2422222222224,0.010138888888889142,0.00029525386204613883,0.0002563393665799568
1663200000,2022-09-15 00:00:00,1627.2721328671332,0.011678321678319007,0.00029383818804394266,0.00034181472133249934
1663203600,2022-09-15 01:00:00,1606.8996206896547,0.009999999999997178,0.0003118192562702017,0.0003028522900972525
1663207200,2022-09-15 02:00:00,1602.4327083333335,0.010694444444445771,0.00027454967438980357,0.00031041079548969165
1663210800,2022-09-15 03:00:00,1589.590208333334,0.01097222222221856,0.0003441491537373069,0.0003449195480403612
1663214400,2022-09-15 04:00:00,1590.1217708333331,0.010486111111112627,0.0003397763749921131,0.00031206089768959255
1663218000,2022-09-15 05:00:00,1597.1310416666663,0.010555555555550692,0.0003636186588916473,0.0003482447452046514
1663221600,2022-09-15 06:00:00,1594.2254545454546,0.04349650349649733,0.0004971000765447056,0.000516509141339978
1663225200,2022-09-15 07:00:00,1632.6911724137935,0.012000000000000063,0.00034202990783908135,0.0003466951056258692
1663228800,2022-09-15 08:00:00,1613.0265734265736,0.013706293706287601,0.0002652881825385074,0.0003303181498289745
1663232400,2022-09-15 09:00:00,1595.8614827586205,0.01027586206896558,0.00027560004163539037,0.00031791088797255277
1663236000,2022-09-15 10:00:00,1586.893333333334,0.010000000000001959,0.00029139524915143257,0.0002942795655847765
1663239600,2022-09-15 11:00:00,1584.9819444444443,0.010000000000001959,0.0002917391652975495,0.00026929172823361464
1663243200,2022-09-15 12:00:00,1589.1777430555558,0.01034722222221597,0.00029926595740160537,0.00030483931192200564
1663246800,2022-09-15 13:00:00,1583.868784722222,0.010486111111114206,0.0002958971800696363,0.0003126647067479146
1663250400,2022-09-15 14:00:00,1549.8132638888887,0.015833333333325247,0.0003166661197404846,0.00038152151416245416
1663254000,2022-09-15 15:00:00,1486.206805555555,0.013333333333329101,0.000324245862367159,0.00031567416960266335
1663257600,2022-09-15 16:00:00,1496.2976388888887,0.010833333333331375,0.0002804898021112613,0.0002563687586781616
1663261200,2022-09-15 17:00:00,1510.7215625,0.010486111111109468,0.00025703846081106315,0.00026861250134678044
1663264800,2022-09-15 18:00:00,1502.6641319444443,0.010208333333327206,0.0002698978508507889,0.0002631399267038511
1663268400,2022-09-15 19:00:00,1495.994305555556,0.0099999999999988,0.0002864387273644935,0.00026190653350558965
1663272000,2022-09-15 20:00:00,1501.004930555556,0.009999999999994062,0.0002623739395731293,0.000244681616578429
1663275600,2022-09-15 21:00:00,1495.207152777778,0.014583333333339018,0.0002987868589516124,0.0003335250836567043
1663279200,2022-09-15 22:00:00,1476.544791666667,0.01180555555555903,0.00027150837822119227,0.00030750411201900806
1663282800,2022-09-15 23:00:00,1472.105,0.009999999999997221,0.0003013939153825448,0.00029687790709136136
1663286400,2022-09-16 00:00:00,1469.466458333333,0.010277777777773167,0.0003236987857248871,0.0003228593777016708
1663290000,2022-09-16 01:00:00,1475.4408333333338,0.010138888888889142,0.00029217490129809646,0.0003049144485461634
1663293600,2022-09-16 02:00:00,1465.0840624999996,0.010486111111104732,0.00029039713382360364,0.00031735700566460734
1663297200,2022-09-16 03:00:00,1467.1610416666663,0.009999999999995643,0.0002607793929881791,0.0003263036041097331
1663300800,2022-09-16 04:00:00,1474.3268750000007,0.0099999999999988,0.0002565789764995927,0.00024693690680740993
1663304400,2022-09-16 05:00:00,1472.8959027777773,0.010000000000001959,0.0002803788122683131,0.0002578732691951788
1663308000,2022-09-16 06:00:00,1471.3923611111109,0.010555555555550692,0.00029171696392194787,0.0002762838663469481
1663311600,2022-09-16 07:00:00,1472.115486111111,0.009999999999994062,0.00026168428741685717,0.00028343815766997306
1663315200,2022-09-16 08:00:00,1459.3700694444449,0.012222222222222159,0.00028022720982858097,0.00026930172994887245
1663318800,2022-09-16 09:00:00,1460.6172916666658,0.010138888888887563,0.000290704445796129,0.00026189775452537754
1663322400,2022-09-16 10:00:00,1465.0436805555555,0.0099999999999988,0.0002491733713484122,0.00023923473211694878
1663326000,2022-09-16 11:00:00,1470.173298611111,0.010208333333330365,0.00027187936988185474,0.0002486585732010291
1663329600,2022-09-16 12:00:00,1466.0655902777778,0.010208333333331944,0.00025504269970156977,0.00026839263192626533
1663333200,2022-09-16 13:00:00,1453.429652777778,0.014444444444443939,0.00028826009501491345,0.00028501798827968106
1663336800,2022-09-16 14:00:00,1446.6745138888887,0.012083333333330238,0.00032103904241523003,0.0002959804354058392
1663340400,2022-09-16 15:00:00,1447.461875,0.010833333333329797,0.0002720871026136505,0.00025672003911944596
1663344000,2022-09-16 16:00:00,1432.8581944444447,0.012361111111110922,0.0003001746656420352,0.0002906999439870516
1663347600,2022-09-16 17:00:00,1421.9417013888883,0.010347222222223864,0.0002975367844587425,0.0003100948721714463
1663351200,2022-09-16 18:00:00,1425.0872222222229,0.010416666666665087,0.0002861334982433165,0.0002879524698639296
1663354800,2022-09-16 19:00:00,1431.2612500000002,0.009999999999997221,0.00027471983835095196,0.00026248795850276744
1663358400,2022-09-16 20:00:00,1431.6920138888886,0.009999999999995643,0.00024864873611862197,0.0002443869733800555
1663362000,2022-09-16 21:00:00,1438.2291666666674,0.011527777777775187,0.00032857348523441843,0.000245967677949179
1663365600,2022-09-16 22:00:00,1437.334305555555,0.009999999999994062,0.0002655884094406659,0.00029716486595898333
1663369200,2022-09-16 23:00:00,1429.825763888889,0.009999999999997221,0.0002225922567170297,0.00028727299982510084
1663372800,2022-09-17 00:00:00,1442.200694444445,0.01055555555555543,0.0002695285990722585,0.00023354974186352016
1663376400,2022-09-17 01:00:00,1442.1700347222222,0.01006944444444476,0.00024565518013764043,0.0002334550109704242
1663380000,2022-09-17 02:00:00,1440.2166666666665,0.010000000000001959,0.0002409866519559306,0.0002461559341000203
1663383600,2022-09-17 03:00:00,1439.712222222222,0.010000000000006695,0.00020721415050518421,0.0002677480337049005
1663387200,2022-09-17 04:00:00,1441.9192708333333,0.01076388888889173,0.000252427281489579,0.0002557701513503288
1663390800,2022-09-17 05:00:00,1433.567152777777,0.010000000000001959,0.00020933892187793125,0.00028865881674140396
1663394400,2022-09-17 06:00:00,1429.8075,0.009999999999997221,0.00022215109973828403,0.0002765674588579042
1663398000,2022-09-17 07:00:00,1429.5693055555557,0.0099999999999988,0.0002332335942168831,0.00026921489696341174
1663401600,2022-09-17 08:00:00,1431.9820138888888,0.010138888888882825,0.00025266211628256427,0.0002186784259354807
1663405200,2022-09-17 09:00:00,1431.8166666666668,0.010000000000000378,0.00024315586290368842,0.0002250938488129083
1663408800,2022-09-17 10:00:00,1427.0419791666666,0.01006944444444318,0.00023564262711773759,0.00023518555299985194
1663412400,2022-09-17 11:00:00,1422.6797569444445,0.010347222222217548,0.00024367753628878476,0.00026828311386436457
1663416000,2022-09-17 12:00:00,1419.8158680555553,0.01006944444444634,0.00022894588332659583,0.00026573589821834754
1663419600,2022-09-17 13:00:00,1423.5934722222216,0.009999999999997221,0.00023793947433174397,0.00022911390139697776
1663423200,2022-09-17 14:00:00,1430.9054861111117,0.009999999999994062,0.0002498477553950363,0.00022566374343561932
1663426800,2022-09-17 15:00:00,1441.7017013888885,0.01048611111110789,0.000250317681839453,0.00023878199853143492
1663430400,2022-09-17 16:00:00,1459.339479166667,0.010069444444449497,0.0002571876900536822,0.00022189224512912328
1663434000,2022-09-17 17:00:00,1466.5744444444445,0.009999999999994062,0.00022204574517046603,0.00023054373233640454
1663437600,2022-09-17 18:00:00,1468.7860416666665,0.010000000000003537,0.00023017923750883823,0.00023676392837497647
1663441200,2022-09-17 19:00:00,1463.1492361111104,0.010000000000000378,0.0002160208562944981,0.00025772530364501483
1663444800,2022-09-17 20:00:00,1462.2138888888894,0.010000000000001959,0.0002177761739358382,0.0002492650569338253
1663448400,2022-09-17 21:00:00,1455.259861111111,0.010555555555558586,0.00023949483583240677,0.00027946230123458173
1663452000,2022-09-17 22:00:00,1459.5535763888884,0.010208333333325628,0.00027646015419011046,0.00024404947103265635
1663455600,2022-09-17 23:00:00,1466.7973611111106,0.009999999999997221,0.0002528170420735927,0.0002378755086474561
1663459200,2022-09-18 00:00:00,1453.368923611111,0.010208333333330365,0.0002174178155025613,0.00026151806762564946
1663462800,2022-09-18 01:00:00,1453.2341666666662,0.0099999999999988,0.0002475382686220544,0.0002477783856341048
1663466400,2022-09-18 02:00:00,1453.8331249999994,0.010000000000005116,0.00020121038117437847,0.00024056330203858252
1663470000,2022-09-18 03:00:00,1450.751597222222,0.010000000000000378,0.00021263483196630608,0.0002270833169496183
1663473600,2022-09-18 04:00:00,1452.2666666666673,0.009999999999994062,0.00021761097202738363,0.00023087751167910948
1663477200,2022-09-18 05:00:00,1454.93798611111,0.009999999999997221,0.00022871724066520063,0.0002142769655707915
1663480800,2022-09-18 06:00:00,1454.1172222222222,0.0099999999999988,0.00023988297896468118,0.00024118488323222924
1663484400,2022-09-18 07:00:00,1454.2377083333336,0.010000000000005116,0.0002244258789185764,0.0002365121672841501
1663488000,2022-09-18 08:00:00,1455.0752777777775,0.010000000000001959,0.00023638782358110155,0.0002240208121973835
1663491600,2022-09-18 09:00:00,1447.907430555556,0.015972222222214012,0.00022204683234888095,0.00022849274110482373
1663495200,2022-09-18 10:00:00,1431.5028125,0.010069444444440023,0.00024930107848957454,0.00021068032834204627
1663498800,2022-09-18 11:00:00,1432.6710416666658,0.010138888888881247,0.0002495655426283422,0.00025895875867722906
1663502400,2022-09-18 12:00:00,1431.8375694444444,0.009999999999995643,0.00023152380022879813,0.0002375445826818956
1663506000,2022-09-18 13:00:00,1435.1259722222223,0.009999999999997221,0.00023138151791789297,0.00024296492830472874
1663509600,2022-09-18 14:00:00,1423.9500694444441,0.0099999999999988,0.0002524150188558331,0.00023944061338877732
1663513200,2022-09-18 15:00:00,1420.579826388888,0.010763888888888573,0.0002467601393181265,0.00024600226762188976
1663516800,2022-09-18 16:00:00,1401.271041666666,0.012361111111110922,0.000303798285197286,0.0003338366726145141
1663520400,2022-09-18 17:00:00,1388.3135069444443,0.011874999999998673,0.0002808101008584464,0.00031449672102406347
1663524000,2022-09-18 18:00:00,1376.9826041666665,0.010208333333335103,0.0002971635160984178,0.0003324858452806646
1663527600,2022-09-18 19:00:00,1379.5459722222213,0.010277777777777905,0.0002725747880900457,0.00030458583867898126
1663531200,2022-09-18 20:00:00,1375.3670138888883,0.009999999999992484,0.00029192069439002946,0.0002923907006210267
1663534800,2022-09-18 21:00:00,1339.5768402777776,0.02298611111111231,0.0004083087836346536,0.00040785708882928146
1663538400,2022-09-18 22:00:00,1334.3299999999997,0.012361111111106184,0.00027312338266231027,0.0002923831512856793
1663542000,2022-09-18 23:00:00,1339.9015972222223,0.010555555555560167,0.00027022304774165865,0.00025055317244696967
1663545600,2022-09-19 00:00:00,1340.7375694444445,0.011388888888884847,0.0002883750197757171,0.0002648593394867296
1663549200,2022-09-19 01:00:00,1343.2280555555558,0.009999999999992484,0.00027833643271131704,0.0002727734273408194
1663552800,2022-09-19 02:00:00,1312.9281944444438,0.02680555555555486,0.0003522703415538893,0.00037609949315055177
1663556400,2022-09-19 03:00:00,1300.2402083333336,0.01027777777777001,0.0002999584033327713,0.00031525595245812156
1663560000,2022-09-19 04:00:00,1302.262951388888,0.01006944444444476,0.00029241519236465174,0.00031363050582678385
1663563600,2022-09-19 05:00:00,1305.2239583333337,0.011944444444449372,0.0003125122648441935,0.0003289444265296166
1663567200,2022-09-19 06:00:00,1294.4799305555555,0.010555555555550692,0.00038376300096022215,0.000410936482548722
1663570800,2022-09-19 07:00:00,1293.8932167832163,0.010209790209790464,0.0003476394260750771,0.0003501453311745915
1663574400,2022-09-19 08:00:00,1300.7866319444436,0.01006944444444318,0.0002984535687420109,0.0003287878277382398
1663578000,2022-09-19 09:00:00,1293.3365277777777,0.0099999999999988,0.00029711684232010184,0.0003486205599920689
1663581600,2022-09-19 10:00:00,1304.9664930555564,0.010347222222223864,0.0003176639334837569,0.0002846578041968022
1663585200,2022-09-19 11:00:00,1308.2551388888883,0.01013888888889072,0.00030085101830455246,0.0003323978920676295
1663588800,2022-09-19 12:00:00,1314.133541666667,0.010277777777781062,0.0003411709541257701,0.00032322335550182734
1663592400,2022-09-19 13:00:00,1322.1145138888885,0.011111111111115216,0.00034654176194502873,0.0003389547092002207
1663596000,2022-09-19 14:00:00,1354.646111111111,0.013055555555549998,0.00036593180430431776,0.00034409889560283374
1663599600,2022-09-19 15:00:00,1349.0053819444443,0.010347222222225443,0.0002924586708971382,0.000301623359814657
1663603200,2022-09-19 16:00:00,1344.4889534883719,0.01093023255814017,0.00033811081680962176,0.00025871546380713416
