epoch,timestamp,funding_rate
1594368000,2020-07-10 08:00:00,0.00010000
1594396800,2020-07-10 16:00:00,-0.00301393
1594425600,2020-07-11 00:00:00,0.00004111
1594454400,2020-07-11 08:00:00,0.00001285
1594483200,2020-07-11 16:00:00,0.00010000
1594512000,2020-07-12 00:00:00,0.00010000
1594540800,2020-07-12 08:00:00,0.00010000
1594569600,2020-07-12 16:00:00,0.00010000
1594598400,2020-07-13 00:00:00,0.00026293
1594627200,2020-07-13 08:00:00,0.00010000
1594656000,2020-07-13 16:00:00,0.00000196
1594684800,2020-07-14 00:00:00,-0.00070381
1594713600,2020-07-14 08:00:00,-0.00122571
1594742400,2020-07-14 16:00:00,0.00010000
1594771200,2020-07-15 00:00:00,0.00010000
1594800000,2020-07-15 08:00:00,-0.00017488
1594828800,2020-07-15 16:00:00,-0.00077381
1594857600,2020-07-16 00:00:00,-0.00004990
1594886400,2020-07-16 08:00:00,0.00010000
1594915200,2020-07-16 16:00:00,0.00010000
1594944000,2020-07-17 00:00:00,0.00016338
1594972800,2020-07-17 08:00:00,0.00010000
1595001600,2020-07-17 16:00:00,0.00010000
1595030400,2020-07-18 00:00:00,0.00010000
1595059200,2020-07-18 08:00:00,0.00010000
1595088000,2020-07-18 16:00:00,0.00010000
1595116800,2020-07-19 00:00:00,0.00010000
1595145600,2020-07-19 08:00:00,0.00010000
1595174400,2020-07-19 16:00:00,-0.00012246
1595203200,2020-07-20 00:00:00,0.00010000
1595232000,2020-07-20 08:00:00,0.00010000
1595260800,2020-07-20 16:00:00,0.00010000
1595289600,2020-07-21 00:00:00,-0.00014116
1595318400,2020-07-21 08:00:00,0.00010000
1595347200,2020-07-21 16:00:00,0.00010000
1595376000,2020-07-22 00:00:00,0.00010000
1595404800,2020-07-22 08:00:00,0.00010000
1595433600,2020-07-22 16:00:00,0.00010000
1595462400,2020-07-23 00:00:00,0.00010000
1595491200,2020-07-23 08:00:00,0.00010000
1595520000,2020-07-23 16:00:00,0.00010000
1595548800,2020-07-24 00:00:00,0.00010000
1595577600,2020-07-24 08:00:00,0.00010000
1595606400,2020-07-24 16:00:00,-0.00012831
1595635200,2020-07-25 00:00:00,0.00010000
1595664000,2020-07-25 08:00:00,0.00010000
1595692800,2020-07-25 16:00:00,0.00010000
1595721600,2020-07-26 00:00:00,0.00010000
1595750400,2020-07-26 08:00:00,0.00010000
1595779200,2020-07-26 16:00:00,0.00010000
1595808000,2020-07-27 00:00:00,0.00010000
1595836800,2020-07-27 08:00:00,0.00010000
1595865600,2020-07-27 16:00:00,0.00010000
1595894400,2020-07-28 00:00:00,0.00010000
1595923200,2020-07-28 08:00:00,0.00010000
1595952000,2020-07-28 16:00:00,0.00010000
1595980800,2020-07-29 00:00:00,0.00020606
1596009600,2020-07-29 08:00:00,0.00010000
1596038400,2020-07-29 16:00:00,0.00010000
1596067200,2020-07-30 00:00:00,0.00010000
1596096000,2020-07-30 08:00:00,0.00010000
1596124800,2020-07-30 16:00:00,0.00040705
1596153600,2020-07-31 00:00:00,0.00010000
1596182400,2020-07-31 08:00:00,0.00010000
1596211200,2020-07-31 16:00:00,0.00010000
1596240000,2020-08-01 00:00:00,0.00010000
1596268800,2020-08-01 08:00:00,0.00068087
1596297600,2020-08-01 16:00:00,0.00010000
1596326400,2020-08-02 00:00:00,0.00137919
1596355200,2020-08-02 08:00:00,0.00010000
1596384000,2020-08-02 16:00:00,0.00010000
1596412800,2020-08-03 00:00:00,0.00010000
1596441600,2020-08-03 08:00:00,0.00010000
1596470400,2020-08-03 16:00:00,0.00010000
1596499200,2020-08-04 00:00:00,0.00010000
1596528000,2020-08-04 08:00:00,0.00010000
1596556800,2020-08-04 16:00:00,0.00047835
1596585600,2020-08-05 00:00:00,0.00033250
1596614400,2020-08-05 08:00:00,0.00010000
1596643200,2020-08-05 16:00:00,0.00010000
1596672000,2020-08-06 00:00:00,0.00017576
1596700800,2020-08-06 08:00:00,0.00060956
1596729600,2020-08-06 16:00:00,0.00045661
1596758400,2020-08-07 00:00:00,0.00010000
1596787200,2020-08-07 08:00:00,0.00047011
1596816000,2020-08-07 16:00:00,0.00010000
1596844800,2020-08-08 00:00:00,0.00010000
1596873600,2020-08-08 08:00:00,0.00010000
1596902400,2020-08-08 16:00:00,0.00010000
1596931200,2020-08-09 00:00:00,0.00010000
1596960000,2020-08-09 08:00:00,0.00035771
1596988800,2020-08-09 16:00:00,0.00010000
1597017600,2020-08-10 00:00:00,0.00010000
1597046400,2020-08-10 08:00:00,0.00010000
1597075200,2020-08-10 16:00:00,0.00030326
1597104000,2020-08-11 00:00:00,0.00010000
1597132800,2020-08-11 08:00:00,0.00021211
1597161600,2020-08-11 16:00:00,0.00010000
1597190400,2020-08-12 00:00:00,0.00029378
1597219200,2020-08-12 08:00:00,0.00075149
1597248000,2020-08-12 16:00:00,0.00015499
1597276800,2020-08-13 00:00:00,0.00010000
1597305600,2020-08-13 08:00:00,0.00010000
1597334400,2020-08-13 16:00:00,0.00010000
1597363200,2020-08-14 00:00:00,0.00010000
1597392000,2020-08-14 08:00:00,0.00010000
1597420800,2020-08-14 16:00:00,0.00074047
1597449600,2020-08-15 00:00:00,0.00103786
1597478400,2020-08-15 08:00:00,0.00010000
1597507200,2020-08-15 16:00:00,0.00047135
1597536000,2020-08-16 00:00:00,0.00030573
1597564800,2020-08-16 08:00:00,0.00010000
1597593600,2020-08-16 16:00:00,0.00010000
1597622400,2020-08-17 00:00:00,0.00012587
1597651200,2020-08-17 08:00:00,0.00065669
1597680000,2020-08-17 16:00:00,0.00047078
1597708800,2020-08-18 00:00:00,0.00034516
1597737600,2020-08-18 08:00:00,0.00065254
1597766400,2020-08-18 16:00:00,0.00010000
1597795200,2020-08-19 00:00:00,0.00021476
1597824000,2020-08-19 08:00:00,0.00010000
1597852800,2020-08-19 16:00:00,0.00010000
1597881600,2020-08-20 00:00:00,0.00010000
1597910400,2020-08-20 08:00:00,0.00010000
1597939200,2020-08-20 16:00:00,0.00010000
1597968000,2020-08-21 00:00:00,0.00010000
1597996800,2020-08-21 08:00:00,0.00010000
1598025600,2020-08-21 16:00:00,0.00013282
1598054400,2020-08-22 00:00:00,0.00010000
1598083200,2020-08-22 08:00:00,0.00010000
1598112000,2020-08-22 16:00:00,0.00010000
1598140800,2020-08-23 00:00:00,0.00010000
1598169600,2020-08-23 08:00:00,0.00025912
1598198400,2020-08-23 16:00:00,0.00010000
1598227200,2020-08-24 00:00:00,0.00010000
1598256000,2020-08-24 08:00:00,0.00049988
1598284800,2020-08-24 16:00:00,0.00018552
1598313600,2020-08-25 00:00:00,0.00010000
1598342400,2020-08-25 08:00:00,0.00010000
1598371200,2020-08-25 16:00:00,0.00010000
1598400000,2020-08-26 00:00:00,0.00010000
1598428800,2020-08-26 08:00:00,-0.00015585
1598457600,2020-08-26 16:00:00,-0.00028052
1598486400,2020-08-27 00:00:00,0.00010000
1598515200,2020-08-27 08:00:00,0.00010000
1598544000,2020-08-27 16:00:00,0.00010000
1598572800,2020-08-28 00:00:00,0.00010000
1598601600,2020-08-28 08:00:00,0.00010000
1598630400,2020-08-28 16:00:00,0.00010000
1598659200,2020-08-29 00:00:00,0.00009560
1598688000,2020-08-29 08:00:00,0.00010000
1598716800,2020-08-29 16:00:00,0.00010000
1598745600,2020-08-30 00:00:00,0.00010000
1598774400,2020-08-30 08:00:00,0.00010000
1598803200,2020-08-30 16:00:00,0.00010000
1598832000,2020-08-31 00:00:00,0.00010000
1598860800,2020-08-31 08:00:00,0.00010000
1598889600,2020-08-31 16:00:00,0.00010000
1598918400,2020-09-01 00:00:00,0.00010000
1598947200,2020-09-01 08:00:00,0.00010000
1598976000,2020-09-01 16:00:00,0.00010000
1599004800,2020-09-02 00:00:00,0.00010000
1599033600,2020-09-02 08:00:00,0.00010000
1599062400,2020-09-02 16:00:00,0.00010000
1599091200,2020-09-03 00:00:00,0.00010000
1599120000,2020-09-03 08:00:00,0.00010000
1599148800,2020-09-03 16:00:00,0.00010000
1599177600,2020-09-04 00:00:00,-0.00008813
1599206400,2020-09-04 08:00:00,-0.00130878
1599235200,2020-09-04 16:00:00,0.00010000
1599264000,2020-09-05 00:00:00,0.00010000
1599292800,2020-09-05 08:00:00,0.00010000
1599321600,2020-09-05 16:00:00,-0.00086354
1599350400,2020-09-06 00:00:00,-0.00071195
1599379200,2020-09-06 08:00:00,-0.00073545
1599408000,2020-09-06 16:00:00,-0.00009537
1599436800,2020-09-07 00:00:00,0.00010000
1599465600,2020-09-07 08:00:00,0.00008700
1599494400,2020-09-07 16:00:00,0.00010000
1599523200,2020-09-08 00:00:00,0.00010000
1599552000,2020-09-08 08:00:00,0.00010000
1599580800,2020-09-08 16:00:00,0.00010000
1599609600,2020-09-09 00:00:00,0.00010000
1599638400,2020-09-09 08:00:00,0.00010000
1599667200,2020-09-09 16:00:00,0.00010000
1599696000,2020-09-10 00:00:00,0.00010000
1599724800,2020-09-10 08:00:00,0.00010000
1599753600,2020-09-10 16:00:00,0.00010000
1599782400,2020-09-11 00:00:00,-0.00070159
1599811200,2020-09-11 08:00:00,-0.00046276
1599840000,2020-09-11 16:00:00,-0.00041752
1599868800,2020-09-12 00:00:00,0.00010000
1599897600,2020-09-12 08:00:00,0.00010000
1599926400,2020-09-12 16:00:00,0.00010000
1599955200,2020-09-13 00:00:00,0.00010000
1599984000,2020-09-13 08:00:00,0.00010000
1600012800,2020-09-13 16:00:00,0.00010000
1600041600,2020-09-14 00:00:00,0.00010000
1600070400,2020-09-14 08:00:00,0.00010000
1600099200,2020-09-14 16:00:00,0.00010000
1600128000,2020-09-15 00:00:00,-0.00019651
1600156800,2020-09-15 08:00:00,0.00005076
1600185600,2020-09-15 16:00:00,0.00007672
1600214400,2020-09-16 00:00:00,-0.00165676
1600243200,2020-09-16 08:00:00,0.00010000
1600272000,2020-09-16 16:00:00,-0.00021291
1600300800,2020-09-17 00:00:00,0.00010000
1600329600,2020-09-17 08:00:00,0.00010000
1600358400,2020-09-17 16:00:00,0.00010000
1600387200,2020-09-18 00:00:00,0.00010000
1600416000,2020-09-18 08:00:00,0.00010000
1600444800,2020-09-18 16:00:00,0.00010000
1600473600,2020-09-19 00:00:00,0.00010000
1600502400,2020-09-19 08:00:00,0.00000587
1600531200,2020-09-19 16:00:00,-0.00004057
1600560000,2020-09-20 00:00:00,-0.00091049
1600588800,2020-09-20 08:00:00,0.00003116
1600617600,2020-09-20 16:00:00,0.00010000
1600646400,2020-09-21 00:00:00,0.00010000
1600675200,2020-09-21 08:00:00,0.00010000
1600704000,2020-09-21 16:00:00,-0.00083538
1600732800,2020-09-22 00:00:00,-0.00108782
1600761600,2020-09-22 08:00:00,-0.00067204
1600790400,2020-09-22 16:00:00,-0.00008134
1600819200,2020-09-23 00:00:00,-0.00035487
1600848000,2020-09-23 08:00:00,-0.00044215
1600876800,2020-09-23 16:00:00,-0.00038616
1600905600,2020-09-24 00:00:00,-0.00067262
1600934400,2020-09-24 08:00:00,-0.00121838
1600963200,2020-09-24 16:00:00,-0.00073621
1600992000,2020-09-25 00:00:00,0.00008416
1601020800,2020-09-25 08:00:00,-0.00036614
1601049600,2020-09-25 16:00:00,-0.00008339
1601078400,2020-09-26 00:00:00,-0.00102632
1601107200,2020-09-26 08:00:00,-0.00026216
1601136000,2020-09-26 16:00:00,-0.00013096
1601164800,2020-09-27 00:00:00,-0.00040288
1601193600,2020-09-27 08:00:00,-0.00074788
1601222400,2020-09-27 16:00:00,0.00009100
1601251200,2020-09-28 00:00:00,0.00010000
1601280000,2020-09-28 08:00:00,0.00004844
1601308800,2020-09-28 16:00:00,0.00010000
1601337600,2020-09-29 00:00:00,-0.00037903
1601366400,2020-09-29 08:00:00,0.00010000
1601395200,2020-09-29 16:00:00,-0.00013194
1601424000,2020-09-30 00:00:00,-0.00057077
1601452800,2020-09-30 08:00:00,0.00010000
1601481600,2020-09-30 16:00:00,0.00010000
1601510400,2020-10-01 00:00:00,0.00010000
1601539200,2020-10-01 08:00:00,-0.00038039
1601568000,2020-10-01 16:00:00,-0.00008745
1601596800,2020-10-02 00:00:00,0.00010000
1601625600,2020-10-02 08:00:00,-0.00010268
1601654400,2020-10-02 16:00:00,0.00010000
1601683200,2020-10-03 00:00:00,-0.00022421
1601712000,2020-10-03 08:00:00,0.00004336
1601740800,2020-10-03 16:00:00,0.00010000
1601769600,2020-10-04 00:00:00,-0.00015667
1601798400,2020-10-04 08:00:00,0.00010000
1601827200,2020-10-04 16:00:00,0.00000304
1601856000,2020-10-05 00:00:00,0.00010000
1601884800,2020-10-05 08:00:00,-0.00032298
1601913600,2020-10-05 16:00:00,-0.00012493
1601942400,2020-10-06 00:00:00,-0.00002740
1601971200,2020-10-06 08:00:00,-0.00034633
1602000000,2020-10-06 16:00:00,-0.00001528
1602028800,2020-10-07 00:00:00,-0.00008687
1602057600,2020-10-07 08:00:00,0.00010000
1602086400,2020-10-07 16:00:00,0.00010000
1602115200,2020-10-08 00:00:00,-0.00015541
1602144000,2020-10-08 08:00:00,-0.00056364
1602172800,2020-10-08 16:00:00,-0.00000546
1602201600,2020-10-09 00:00:00,0.00010000
1602230400,2020-10-09 08:00:00,0.00010000
1602259200,2020-10-09 16:00:00,0.00010000
1602288000,2020-10-10 00:00:00,0.00010000
1602316800,2020-10-10 08:00:00,-0.00029996
1602345600,2020-10-10 16:00:00,0.00010000
1602374400,2020-10-11 00:00:00,0.00010000
1602403200,2020-10-11 08:00:00,-0.00059079
1602432000,2020-10-11 16:00:00,-0.00035401
1602460800,2020-10-12 00:00:00,-0.00009191
1602489600,2020-10-12 08:00:00,0.00010000
1602518400,2020-10-12 16:00:00,0.00010000
1602547200,2020-10-13 00:00:00,0.00010000
1602576000,2020-10-13 08:00:00,0.00010000
1602604800,2020-10-13 16:00:00,0.00010000
1602633600,2020-10-14 00:00:00,0.00010000
1602662400,2020-10-14 08:00:00,0.00004338
1602691200,2020-10-14 16:00:00,-0.00026075
1602720000,2020-10-15 00:00:00,0.00010000
1602748800,2020-10-15 08:00:00,0.00010000
1602777600,2020-10-15 16:00:00,0.00010000
1602806400,2020-10-16 00:00:00,0.00009360
1602835200,2020-10-16 08:00:00,0.00010000
1602864000,2020-10-16 16:00:00,-0.00006838
1602892800,2020-10-17 00:00:00,0.00010000
1602921600,2020-10-17 08:00:00,0.00002226
1602950400,2020-10-17 16:00:00,0.00005603
1602979200,2020-10-18 00:00:00,0.00010000
1603008000,2020-10-18 08:00:00,0.00010000
1603036800,2020-10-18 16:00:00,0.00010000
1603065600,2020-10-19 00:00:00,0.00010000
1603094400,2020-10-19 08:00:00,0.00010000
1603123200,2020-10-19 16:00:00,0.00010000
1603152000,2020-10-20 00:00:00,0.00010000
1603180800,2020-10-20 08:00:00,0.00010000
1603209600,2020-10-20 16:00:00,-0.00038998
1603238400,2020-10-21 00:00:00,0.00010000
1603267200,2020-10-21 08:00:00,0.00010000
1603296000,2020-10-21 16:00:00,0.00010000
1603324800,2020-10-22 00:00:00,-0.00004554
1603353600,2020-10-22 08:00:00,0.00010000
1603382400,2020-10-22 16:00:00,0.00010000
1603411200,2020-10-23 00:00:00,0.00010000
1603440000,2020-10-23 08:00:00,0.00010000
1603468800,2020-10-23 16:00:00,0.00010000
1603497600,2020-10-24 00:00:00,0.00010000
1603526400,2020-10-24 08:00:00,0.00010000
1603555200,2020-10-24 16:00:00,0.00010000
1603584000,2020-10-25 00:00:00,0.00010000
1603612800,2020-10-25 08:00:00,0.00010000
1603641600,2020-10-25 16:00:00,0.00010000
1603670400,2020-10-26 00:00:00,0.00010000
1603699200,2020-10-26 08:00:00,0.00010000
1603728000,2020-10-26 16:00:00,0.00010000
1603756800,2020-10-27 00:00:00,0.00042988
1603785600,2020-10-27 08:00:00,0.00026917
1603814400,2020-10-27 16:00:00,0.00010000
1603843200,2020-10-28 00:00:00,0.00010000
1603872000,2020-10-28 08:00:00,0.00010000
1603900800,2020-10-28 16:00:00,0.00010000
1603929600,2020-10-29 00:00:00,0.00010000
1603958400,2020-10-29 08:00:00,0.00039265
1603987200,2020-10-29 16:00:00,0.00010000
1604016000,2020-10-30 00:00:00,0.00010000
1604044800,2020-10-30 08:00:00,0.00010000
1604073600,2020-10-30 16:00:00,0.00010000
1604102400,2020-10-31 00:00:00,0.00010000
1604131200,2020-10-31 08:00:00,0.00010000
1604160000,2020-10-31 16:00:00,0.00010000
1604188800,2020-11-01 00:00:00,0.00010000
1604217600,2020-11-01 08:00:00,0.00010000
1604246400,2020-11-01 16:00:00,0.00010000
1604275200,2020-11-02 00:00:00,0.00010000
1604304000,2020-11-02 08:00:00,0.00010000
1604332800,2020-11-02 16:00:00,0.00010000
1604361600,2020-11-03 00:00:00,0.00010000
1604390400,2020-11-03 08:00:00,0.00010000
1604419200,2020-11-03 16:00:00,0.00010000
1604448000,2020-11-04 00:00:00,0.00010000
1604476800,2020-11-04 08:00:00,0.00010000
1604505600,2020-11-04 16:00:00,-0.00007081
1604534400,2020-11-05 00:00:00,-0.00009351
1604563200,2020-11-05 08:00:00,-0.00067839
1604592000,2020-11-05 16:00:00,0.00010000
1604620800,2020-11-06 00:00:00,0.00010000
1604649600,2020-11-06 08:00:00,0.00010017
1604678400,2020-11-06 16:00:00,-0.00028677
1604707200,2020-11-07 00:00:00,0.00010000
1604736000,2020-11-07 08:00:00,0.00010000
1604764800,2020-11-07 16:00:00,0.00010000
1604793600,2020-11-08 00:00:00,0.00004735
1604822400,2020-11-08 08:00:00,-0.00233085
1604851200,2020-11-08 16:00:00,0.00010000
1604880000,2020-11-09 00:00:00,-0.00001543
1604908800,2020-11-09 08:00:00,-0.00016676
1604937600,2020-11-09 16:00:00,0.00009635
1604966400,2020-11-10 00:00:00,0.00010000
1604995200,2020-11-10 08:00:00,0.00052399
1605024000,2020-11-10 16:00:00,0.00010000
1605052800,2020-11-11 00:00:00,0.00029192
1605081600,2020-11-11 08:00:00,0.00010000
1605110400,2020-11-11 16:00:00,0.00019727
1605139200,2020-11-12 00:00:00,0.00010000
1605168000,2020-11-12 08:00:00,0.00070099
1605196800,2020-11-12 16:00:00,0.00010000
1605225600,2020-11-13 00:00:00,0.00010000
1605254400,2020-11-13 08:00:00,-0.00028073
1605283200,2020-11-13 16:00:00,0.00013454
1605312000,2020-11-14 00:00:00,0.00067880
1605340800,2020-11-14 08:00:00,0.00010000
1605369600,2020-11-14 16:00:00,0.00010000
1605398400,2020-11-15 00:00:00,0.00023972
1605427200,2020-11-15 08:00:00,0.00061361
1605456000,2020-11-15 16:00:00,0.00045612
1605484800,2020-11-16 00:00:00,-0.00027242
1605513600,2020-11-16 08:00:00,0.00010000
1605542400,2020-11-16 16:00:00,0.00131152
1605571200,2020-11-17 00:00:00,0.00005657
1605600000,2020-11-17 08:00:00,0.00010000
1605628800,2020-11-17 16:00:00,-0.00003719
1605657600,2020-11-18 00:00:00,0.00089877
1605686400,2020-11-18 08:00:00,0.00010000
1605715200,2020-11-18 16:00:00,0.00010000
1605744000,2020-11-19 00:00:00,0.00010000
1605772800,2020-11-19 08:00:00,0.00010000
1605801600,2020-11-19 16:00:00,-0.00104952
1605830400,2020-11-20 00:00:00,-0.00003856
1605859200,2020-11-20 08:00:00,-0.00025099
1605888000,2020-11-20 16:00:00,0.00145151
1605916800,2020-11-21 00:00:00,0.00048036
1605945600,2020-11-21 08:00:00,0.00151979
1605974400,2020-11-21 16:00:00,0.00258554
1606003200,2020-11-22 00:00:00,0.00133991
1606032000,2020-11-22 08:00:00,0.00037035
1606060800,2020-11-22 16:00:00,0.00029477
1606089600,2020-11-23 00:00:00,0.00104162
1606118400,2020-11-23 08:00:00,0.00078642
1606147200,2020-11-23 16:00:00,0.00127205
1606176000,2020-11-24 00:00:00,0.00080547
1606204800,2020-11-24 08:00:00,0.00185991
1606233600,2020-11-24 16:00:00,0.00031235
1606262400,2020-11-25 00:00:00,0.00049125
1606291200,2020-11-25 08:00:00,0.00059092
1606320000,2020-11-25 16:00:00,0.00134576
1606348800,2020-11-26 00:00:00,0.00021643
1606377600,2020-11-26 08:00:00,0.00010000
1606406400,2020-11-26 16:00:00,0.00010000
1606435200,2020-11-27 00:00:00,0.00010000
1606464000,2020-11-27 08:00:00,0.00010000
1606492800,2020-11-27 16:00:00,0.00010000
1606521600,2020-11-28 00:00:00,0.00010000
1606550400,2020-11-28 08:00:00,0.00010000
1606579200,2020-11-28 16:00:00,0.00010000
1606608000,2020-11-29 00:00:00,0.00010000
1606636800,2020-11-29 08:00:00,0.00010000
1606665600,2020-11-29 16:00:00,0.00010000
1606694400,2020-11-30 00:00:00,0.00010000
1606723200,2020-11-30 08:00:00,0.00010000
1606752000,2020-11-30 16:00:00,0.00010000
1606780800,2020-12-01 00:00:00,0.00010000
1606809600,2020-12-01 08:00:00,0.00027303
1606838400,2020-12-01 16:00:00,0.00010000
1606867200,2020-12-02 00:00:00,0.00010000
1606896000,2020-12-02 08:00:00,0.00010000
1606924800,2020-12-02 16:00:00,0.00010000
1606953600,2020-12-03 00:00:00,0.00010000
1606982400,2020-12-03 08:00:00,0.00010000
1607011200,2020-12-03 16:00:00,0.00010000
1607040000,2020-12-04 00:00:00,0.00010000
1607068800,2020-12-04 08:00:00,0.00010000
1607097600,2020-12-04 16:00:00,0.00010000
1607126400,2020-12-05 00:00:00,0.00002994
1607155200,2020-12-05 08:00:00,0.00010000
1607184000,2020-12-05 16:00:00,0.00010000
1607212800,2020-12-06 00:00:00,0.00010000
1607241600,2020-12-06 08:00:00,0.00010000
1607270400,2020-12-06 16:00:00,0.00010000
1607299200,2020-12-07 00:00:00,0.00010000
1607328000,2020-12-07 08:00:00,0.00010000
1607356800,2020-12-07 16:00:00,0.00010000
1607385600,2020-12-08 00:00:00,0.00010000
1607414400,2020-12-08 08:00:00,0.00010000
1607443200,2020-12-08 16:00:00,0.00010000
1607472000,2020-12-09 00:00:00,0.00010000
1607500800,2020-12-09 08:00:00,0.00010000
1607529600,2020-12-09 16:00:00,0.00010000
1607558400,2020-12-10 00:00:00,0.00010000
1607587200,2020-12-10 08:00:00,0.00010000
1607616000,2020-12-10 16:00:00,0.00010000
1607644800,2020-12-11 00:00:00,0.00010000
1607673600,2020-12-11 08:00:00,0.00010000
1607702400,2020-12-11 16:00:00,0.00010000
1607731200,2020-12-12 00:00:00,0.00010000
1607760000,2020-12-12 08:00:00,0.00010000
1607788800,2020-12-12 16:00:00,0.00010000
1607817600,2020-12-13 00:00:00,0.00010000
1607846400,2020-12-13 08:00:00,0.00010000
1607875200,2020-12-13 16:00:00,0.00010000
1607904000,2020-12-14 00:00:00,0.00008629
1607932800,2020-12-14 08:00:00,-0.00031952
1607961600,2020-12-14 16:00:00,0.00010000
1607990400,2020-12-15 00:00:00,0.00010000
1608019200,2020-12-15 08:00:00,0.00010000
1608048000,2020-12-15 16:00:00,0.00010000
1608076800,2020-12-16 00:00:00,0.00010000
1608105600,2020-12-16 08:00:00,0.00010000
1608134400,2020-12-16 16:00:00,0.00010000
1608163200,2020-12-17 00:00:00,0.00010000
1608192000,2020-12-17 08:00:00,0.00010000
1608220800,2020-12-17 16:00:00,0.00010000
1608249600,2020-12-18 00:00:00,0.00010000
1608278400,2020-12-18 08:00:00,0.00021995
1608307200,2020-12-18 16:00:00,0.00010000
1608336000,2020-12-19 00:00:00,0.00010000
1608364800,2020-12-19 08:00:00,0.00013871
1608393600,2020-12-19 16:00:00,0.00031387
1608422400,2020-12-20 00:00:00,0.00089238
1608451200,2020-12-20 08:00:00,0.00052213
1608480000,2020-12-20 16:00:00,0.00058280
1608508800,2020-12-21 00:00:00,0.00031036
1608537600,2020-12-21 08:00:00,0.00052378
1608566400,2020-12-21 16:00:00,0.00010000
1608595200,2020-12-22 00:00:00,0.00010000
1608624000,2020-12-22 08:00:00,0.00010000
1608652800,2020-12-22 16:00:00,0.00010000
1608681600,2020-12-23 00:00:00,0.00010000
1608710400,2020-12-23 08:00:00,0.00017552
1608739200,2020-12-23 16:00:00,0.00010000
1608768000,2020-12-24 00:00:00,0.00010000
1608796800,2020-12-24 08:00:00,0.00010000
1608825600,2020-12-24 16:00:00,0.00010000
1608854400,2020-12-25 00:00:00,0.00010000
1608883200,2020-12-25 08:00:00,0.00010000
1608912000,2020-12-25 16:00:00,0.00010000
1608940800,2020-12-26 00:00:00,0.00010000
1608969600,2020-12-26 08:00:00,0.00010000
1608998400,2020-12-26 16:00:00,0.00010000
1609027200,2020-12-27 00:00:00,0.00010000
1609056000,2020-12-27 08:00:00,0.00016500
1609084800,2020-12-27 16:00:00,0.00037657
1609113600,2020-12-28 00:00:00,0.00038493
1609142400,2020-12-28 08:00:00,0.00031999
1609171200,2020-12-28 16:00:00,0.00036008
1609200000,2020-12-29 00:00:00,0.00060805
1609228800,2020-12-29 08:00:00,0.00038140
1609257600,2020-12-29 16:00:00,0.00026593
1609286400,2020-12-30 00:00:00,0.00010000
1609315200,2020-12-30 08:00:00,0.00038472
1609344000,2020-12-30 16:00:00,0.00059740
1609372800,2020-12-31 00:00:00,0.00016806
1609401600,2020-12-31 08:00:00,0.00045058
1609430400,2020-12-31 16:00:00,0.00058278
1609459200,2021-01-01 00:00:00,0.00042149
1609488000,2021-01-01 08:00:00,0.00063967
1609516800,2021-01-01 16:00:00,0.00077721
1609545600,2021-01-02 00:00:00,0.00010000
1609574400,2021-01-02 08:00:00,0.00028153
1609603200,2021-01-02 16:00:00,-0.00096746
1609632000,2021-01-03 00:00:00,0.00010000
1609660800,2021-01-03 08:00:00,0.00006928
1609689600,2021-01-03 16:00:00,0.00010000
1609718400,2021-01-04 00:00:00,0.00166402
1609747200,2021-01-04 08:00:00,0.00195267
1609776000,2021-01-04 16:00:00,0.00010000
1609804800,2021-01-05 00:00:00,0.00010000
1609833600,2021-01-05 08:00:00,0.00010000
1609862400,2021-01-05 16:00:00,0.00010000
1609891200,2021-01-06 00:00:00,0.00071733
1609920000,2021-01-06 08:00:00,0.00129833
1609948800,2021-01-06 16:00:00,0.00152435
1609977600,2021-01-07 00:00:00,0.00077177
1610006400,2021-01-07 08:00:00,0.00084281
1610035200,2021-01-07 16:00:00,0.00110237
1610064000,2021-01-08 00:00:00,0.00015035
1610092800,2021-01-08 08:00:00,0.00010000
1610121600,2021-01-08 16:00:00,0.00057023
1610150400,2021-01-09 00:00:00,0.00013684
1610179200,2021-01-09 08:00:00,0.00010000
1610208000,2021-01-09 16:00:00,0.00106793
1610236800,2021-01-10 00:00:00,0.00199637
1610265600,2021-01-10 08:00:00,0.00239721
1610294400,2021-01-10 16:00:00,0.00014739
1610323200,2021-01-11 00:00:00,0.00086554
1610352000,2021-01-11 08:00:00,0.00010000
1610380800,2021-01-11 16:00:00,0.00010000
1610409600,2021-01-12 00:00:00,0.00010000
1610438400,2021-01-12 08:00:00,0.00010000
1610467200,2021-01-12 16:00:00,0.00010000
1610496000,2021-01-13 00:00:00,0.00010000
1610524800,2021-01-13 08:00:00,0.00010000
1610553600,2021-01-13 16:00:00,0.00010000
1610582400,2021-01-14 00:00:00,0.00010000
1610611200,2021-01-14 08:00:00,0.00010000
1610640000,2021-01-14 16:00:00,0.00050428
1610668800,2021-01-15 00:00:00,0.00052815
1610697600,2021-01-15 08:00:00,0.00067149
1610726400,2021-01-15 16:00:00,0.00041737
1610755200,2021-01-16 00:00:00,0.00010000
1610784000,2021-01-16 08:00:00,0.00010000
1610812800,2021-01-16 16:00:00,0.00027981
1610841600,2021-01-17 00:00:00,0.00032909
1610870400,2021-01-17 08:00:00,0.00010000
1610899200,2021-01-17 16:00:00,0.00023130
1610928000,2021-01-18 00:00:00,0.00030879
1610956800,2021-01-18 08:00:00,0.00068317
1610985600,2021-01-18 16:00:00,0.00105870
1611014400,2021-01-19 00:00:00,0.00107375
1611043200,2021-01-19 08:00:00,0.00180843
1611072000,2021-01-19 16:00:00,0.00115799
1611100800,2021-01-20 00:00:00,0.00112194
1611129600,2021-01-20 08:00:00,0.00078135
1611158400,2021-01-20 16:00:00,0.00010000
1611187200,2021-01-21 00:00:00,0.00017504
1611216000,2021-01-21 08:00:00,0.00010000
1611244800,2021-01-21 16:00:00,0.00010000
1611273600,2021-01-22 00:00:00,0.00010000
1611302400,2021-01-22 08:00:00,0.00010000
1611331200,2021-01-22 16:00:00,0.00010000
1611360000,2021-01-23 00:00:00,0.00010000
1611388800,2021-01-23 08:00:00,0.00010000
1611417600,2021-01-23 16:00:00,0.00010000
1611446400,2021-01-24 00:00:00,0.00010000
1611475200,2021-01-24 08:00:00,0.00010000
1611504000,2021-01-24 16:00:00,0.00010147
1611532800,2021-01-25 00:00:00,0.00010000
1611561600,2021-01-25 08:00:00,0.00013764
1611590400,2021-01-25 16:00:00,0.00010000
1611619200,2021-01-26 00:00:00,0.00010000
1611648000,2021-01-26 08:00:00,0.00010000
1611676800,2021-01-26 16:00:00,0.00010000
1611705600,2021-01-27 00:00:00,0.00010000
1611734400,2021-01-27 08:00:00,0.00010000
1611763200,2021-01-27 16:00:00,0.00006670
1611792000,2021-01-28 00:00:00,0.00009337
1611820800,2021-01-28 08:00:00,0.00113171
1611849600,2021-01-28 16:00:00,0.00010000
1611878400,2021-01-29 00:00:00,-0.00199753
1611907200,2021-01-29 08:00:00,-0.00750000
1611936000,2021-01-29 16:00:00,-0.00176806
1611964800,2021-01-30 00:00:00,-0.00393366
1611993600,2021-01-30 08:00:00,0.00010000
1612022400,2021-01-30 16:00:00,-0.00000472
1612051200,2021-01-31 00:00:00,0.00010000
1612080000,2021-01-31 08:00:00,-0.00106541
1612108800,2021-01-31 16:00:00,-0.00221647
1612137600,2021-02-01 00:00:00,-0.00608022
1612166400,2021-02-01 08:00:00,-0.00093590
1612195200,2021-02-01 16:00:00,0.00011273
1612224000,2021-02-02 00:00:00,-0.00010254
1612252800,2021-02-02 08:00:00,-0.00016765
1612281600,2021-02-02 16:00:00,0.00085744
1612310400,2021-02-03 00:00:00,0.00021534
1612339200,2021-02-03 08:00:00,0.00135217
1612368000,2021-02-03 16:00:00,0.00157955
1612396800,2021-02-04 00:00:00,0.00140809
1612425600,2021-02-04 08:00:00,0.00340471
1612454400,2021-02-04 16:00:00,-0.00081817
1612483200,2021-02-05 00:00:00,-0.00008900
1612512000,2021-02-05 08:00:00,0.00010000
1612540800,2021-02-05 16:00:00,0.00155272
1612569600,2021-02-06 00:00:00,0.00068780
1612598400,2021-02-06 08:00:00,0.00086119
1612627200,2021-02-06 16:00:00,0.00165646
1612656000,2021-02-07 00:00:00,0.00191065
1612684800,2021-02-07 08:00:00,0.00102627
1612713600,2021-02-07 16:00:00,0.00089046
1612742400,2021-02-08 00:00:00,0.00060604
1612771200,2021-02-08 08:00:00,0.00098621
1612800000,2021-02-08 16:00:00,0.00377995
1612828800,2021-02-09 00:00:00,0.00240616
1612857600,2021-02-09 08:00:00,0.00300141
1612886400,2021-02-09 16:00:00,0.00119760
1612915200,2021-02-10 00:00:00,0.00049753
1612944000,2021-02-10 08:00:00,0.00173763
1612972800,2021-02-10 16:00:00,0.00095984
1613001600,2021-02-11 00:00:00,0.00010000
1613030400,2021-02-11 08:00:00,0.00189626
1613059200,2021-02-11 16:00:00,0.00369164
1613088000,2021-02-12 00:00:00,0.00235970
1613116800,2021-02-12 08:00:00,0.00184068
1613145600,2021-02-12 16:00:00,0.00289695
1613174400,2021-02-13 00:00:00,0.00375658
1613203200,2021-02-13 08:00:00,0.00334924
1613232000,2021-02-13 16:00:00,0.00235333
1613260800,2021-02-14 00:00:00,0.00242977
1613289600,2021-02-14 08:00:00,0.00221745
1613318400,2021-02-14 16:00:00,0.00261472
1613347200,2021-02-15 00:00:00,0.00156758
1613376000,2021-02-15 08:00:00,0.00010000
1613404800,2021-02-15 16:00:00,0.00098416
1613433600,2021-02-16 00:00:00,0.00067896
1613462400,2021-02-16 08:00:00,0.00081944
1613491200,2021-02-16 16:00:00,0.00150823
1613520000,2021-02-17 00:00:00,0.00026822
1613548800,2021-02-17 08:00:00,0.00066497
1613577600,2021-02-17 16:00:00,0.00244150
1613606400,2021-02-18 00:00:00,0.00234505
1613635200,2021-02-18 08:00:00,0.00265228
1613664000,2021-02-18 16:00:00,0.00294900
1613692800,2021-02-19 00:00:00,0.00154944
1613721600,2021-02-19 08:00:00,0.00178932
1613750400,2021-02-19 16:00:00,0.00304962
1613779200,2021-02-20 00:00:00,0.00345946
1613808000,2021-02-20 08:00:00,0.00368451
1613836800,2021-02-20 16:00:00,0.00327571
1613865600,2021-02-21 00:00:00,0.00016899
1613894400,2021-02-21 08:00:00,0.00125339
1613923200,2021-02-21 16:00:00,0.00159681
1613952000,2021-02-22 00:00:00,0.00153070
1613980800,2021-02-22 08:00:00,0.00142387
1614009600,2021-02-22 16:00:00,-0.00058211
1614038400,2021-02-23 00:00:00,0.00010000
1614067200,2021-02-23 08:00:00,0.00010000
1614096000,2021-02-23 16:00:00,0.00010000
1614124800,2021-02-24 00:00:00,0.00010000
1614153600,2021-02-24 08:00:00,0.00010000
1614182400,2021-02-24 16:00:00,-0.00199530
1614211200,2021-02-25 00:00:00,-0.00031210
1614240000,2021-02-25 08:00:00,-0.00006502
1614268800,2021-02-25 16:00:00,-0.00062685
1614297600,2021-02-26 00:00:00,-0.00077662
1614326400,2021-02-26 08:00:00,-0.00010737
1614355200,2021-02-26 16:00:00,-0.00010143
1614384000,2021-02-27 00:00:00,-0.00024813
1614412800,2021-02-27 08:00:00,0.00010000
1614441600,2021-02-27 16:00:00,0.00010000
1614470400,2021-02-28 00:00:00,0.00010000
1614499200,2021-02-28 08:00:00,0.00010000
1614528000,2021-02-28 16:00:00,0.00010000
1614556800,2021-03-01 00:00:00,0.00010000
1614585600,2021-03-01 08:00:00,0.00010000
1614614400,2021-03-01 16:00:00,0.00010000
1614643200,2021-03-02 00:00:00,0.00010000
1614672000,2021-03-02 08:00:00,0.00010000
1614700800,2021-03-02 16:00:00,0.00010000
1614729600,2021-03-03 00:00:00,-0.00095339
1614758400,2021-03-03 08:00:00,0.00010000
1614787200,2021-03-03 16:00:00,0.00010000
1614816000,2021-03-04 00:00:00,0.00010000
1614844800,2021-03-04 08:00:00,0.00015860
1614873600,2021-03-04 16:00:00,0.00032393
1614902400,2021-03-05 00:00:00,0.00010000
1614931200,2021-03-05 08:00:00,0.00010000
1614960000,2021-03-05 16:00:00,0.00029211
1614988800,2021-03-06 00:00:00,0.00010000
1615017600,2021-03-06 08:00:00,0.00010000
1615046400,2021-03-06 16:00:00,0.00010000
1615075200,2021-03-07 00:00:00,0.00010000
1615104000,2021-03-07 08:00:00,0.00010000
1615132800,2021-03-07 16:00:00,0.00010000
1615161600,2021-03-08 00:00:00,0.00010000
1615190400,2021-03-08 08:00:00,0.00056652
1615219200,2021-03-08 16:00:00,0.00043540
1615248000,2021-03-09 00:00:00,0.00034968
1615276800,2021-03-09 08:00:00,0.00099999
1615305600,2021-03-09 16:00:00,0.00136502
1615334400,2021-03-10 00:00:00,0.00139099
1615363200,2021-03-10 08:00:00,0.00044447
1615392000,2021-03-10 16:00:00,0.00090197
1615420800,2021-03-11 00:00:00,0.00049405
1615449600,2021-03-11 08:00:00,0.00044499
1615478400,2021-03-11 16:00:00,0.00096212
1615507200,2021-03-12 00:00:00,0.00121196
1615536000,2021-03-12 08:00:00,0.00110075
1615564800,2021-03-12 16:00:00,0.00070009
1615593600,2021-03-13 00:00:00,0.00084765
1615622400,2021-03-13 08:00:00,0.00103124
1615651200,2021-03-13 16:00:00,0.00161680
1615680000,2021-03-14 00:00:00,0.00199427
1615708800,2021-03-14 08:00:00,0.00114776
1615737600,2021-03-14 16:00:00,0.00105658
1615766400,2021-03-15 00:00:00,0.00131686
1615795200,2021-03-15 08:00:00,0.00113691
1615824000,2021-03-15 16:00:00,0.00081538
1615852800,2021-03-16 00:00:00,0.00076365
1615881600,2021-03-16 08:00:00,0.00073215
1615910400,2021-03-16 16:00:00,0.00038339
1615939200,2021-03-17 00:00:00,0.00070640
1615968000,2021-03-17 08:00:00,0.00075048
1615996800,2021-03-17 16:00:00,0.00097071
1616025600,2021-03-18 00:00:00,0.00115057
1616054400,2021-03-18 08:00:00,0.00148187
1616083200,2021-03-18 16:00:00,0.00156735
1616112000,2021-03-19 00:00:00,0.00116030
1616140800,2021-03-19 08:00:00,0.00096309
1616169600,2021-03-19 16:00:00,0.00114514
1616198400,2021-03-20 00:00:00,0.00111010
1616227200,2021-03-20 08:00:00,0.00104398
1616256000,2021-03-20 16:00:00,0.00161355
1616284800,2021-03-21 00:00:00,0.00134516
1616313600,2021-03-21 08:00:00,0.00110068
1616342400,2021-03-21 16:00:00,0.00080434
1616371200,2021-03-22 00:00:00,0.00104900
1616400000,2021-03-22 08:00:00,0.00114549
1616428800,2021-03-22 16:00:00,0.00127647
1616457600,2021-03-23 00:00:00,0.00036965
1616486400,2021-03-23 08:00:00,0.00010848
1616515200,2021-03-23 16:00:00,0.00037765
1616544000,2021-03-24 00:00:00,0.00031908
1616572800,2021-03-24 08:00:00,0.00036938
1616601600,2021-03-24 16:00:00,0.00010000
1616630400,2021-03-25 00:00:00,0.00010000
1616659200,2021-03-25 08:00:00,0.00010000
1616688000,2021-03-25 16:00:00,0.00010000
1616716800,2021-03-26 00:00:00,0.00010000
1616745600,2021-03-26 08:00:00,0.00029598
1616774400,2021-03-26 16:00:00,0.00027391
1616803200,2021-03-27 00:00:00,0.00010000
1616832000,2021-03-27 08:00:00,0.00054267
1616860800,2021-03-27 16:00:00,0.00057407
1616889600,2021-03-28 00:00:00,0.00035170
1616918400,2021-03-28 08:00:00,0.00050466
1616947200,2021-03-28 16:00:00,0.00063084
1616976000,2021-03-29 00:00:00,0.00066968
1617004800,2021-03-29 08:00:00,0.00082300
1617033600,2021-03-29 16:00:00,0.00059348
1617062400,2021-03-30 00:00:00,0.00057729
1617091200,2021-03-30 08:00:00,0.00103681
1617120000,2021-03-30 16:00:00,0.00106374
1617148800,2021-03-31 00:00:00,0.00093633
1617177600,2021-03-31 08:00:00,0.00091863
1617206400,2021-03-31 16:00:00,0.00077373
1617235200,2021-04-01 00:00:00,0.00114884
1617264000,2021-04-01 08:00:00,0.00129137
1617292800,2021-04-01 16:00:00,0.00119917
1617321600,2021-04-02 00:00:00,0.00043469
1617350400,2021-04-02 08:00:00,0.00167545
1617379200,2021-04-02 16:00:00,0.00191026
1617408000,2021-04-03 00:00:00,0.00208465
1617436800,2021-04-03 08:00:00,0.00230775
1617465600,2021-04-03 16:00:00,0.00246215
1617494400,2021-04-04 00:00:00,0.00056254
1617523200,2021-04-04 08:00:00,0.00097354
1617552000,2021-04-04 16:00:00,0.00092836
1617580800,2021-04-05 00:00:00,0.00110517
1617609600,2021-04-05 08:00:00,0.00120745
1617638400,2021-04-05 16:00:00,0.00151325
1617667200,2021-04-06 00:00:00,0.00148598
1617696000,2021-04-06 08:00:00,0.00158130
1617724800,2021-04-06 16:00:00,0.00126194
1617753600,2021-04-07 00:00:00,0.00090880
1617782400,2021-04-07 08:00:00,0.00060886
1617811200,2021-04-07 16:00:00,0.00022425
1617840000,2021-04-08 00:00:00,0.00067419
1617868800,2021-04-08 08:00:00,0.00058030
1617897600,2021-04-08 16:00:00,0.00076098
1617926400,2021-04-09 00:00:00,0.00079052
1617955200,2021-04-09 08:00:00,0.00131395
1617984000,2021-04-09 16:00:00,0.00147688
1618012800,2021-04-10 00:00:00,0.00109049
1618041600,2021-04-10 08:00:00,0.00201315
1618070400,2021-04-10 16:00:00,0.00196801
1618099200,2021-04-11 00:00:00,0.00152727
1618128000,2021-04-11 08:00:00,0.00189816
1618156800,2021-04-11 16:00:00,0.00223948
1618185600,2021-04-12 00:00:00,0.00169430
1618214400,2021-04-12 08:00:00,0.00264711
1618243200,2021-04-12 16:00:00,0.00139728
1618272000,2021-04-13 00:00:00,0.00177284
1618300800,2021-04-13 08:00:00,0.00192977
1618329600,2021-04-13 16:00:00,0.00283003
1618358400,2021-04-14 00:00:00,0.00285736
1618387200,2021-04-14 08:00:00,0.00259466
1618416000,2021-04-14 16:00:00,0.00010000
1618444800,2021-04-15 00:00:00,0.00051257
1618473600,2021-04-15 08:00:00,0.00069770
1618502400,2021-04-15 16:00:00,0.00071848
1618531200,2021-04-16 00:00:00,0.00007184
1618560000,2021-04-16 08:00:00,0.00010000
1618588800,2021-04-16 16:00:00,-0.00337017
1618617600,2021-04-17 00:00:00,0.00065882
1618646400,2021-04-17 08:00:00,0.00165331
1618675200,2021-04-17 16:00:00,0.00228722
1618704000,2021-04-18 00:00:00,0.00131920
1618732800,2021-04-18 08:00:00,0.00010000
1618761600,2021-04-18 16:00:00,0.00010000
1618790400,2021-04-19 00:00:00,0.00064044
1618819200,2021-04-19 08:00:00,0.00077180
1618848000,2021-04-19 16:00:00,0.00054620
1618876800,2021-04-20 00:00:00,0.00053824
1618905600,2021-04-20 08:00:00,0.00021431
1618934400,2021-04-20 16:00:00,-0.00002087
1618963200,2021-04-21 00:00:00,0.00010000
1618992000,2021-04-21 08:00:00,0.00010000
1619020800,2021-04-21 16:00:00,0.00010000
1619049600,2021-04-22 00:00:00,0.00024833
1619078400,2021-04-22 08:00:00,0.00015262
1619107200,2021-04-22 16:00:00,0.00010000
1619136000,2021-04-23 00:00:00,0.00010000
1619164800,2021-04-23 08:00:00,0.00010000
1619193600,2021-04-23 16:00:00,0.00002864
1619222400,2021-04-24 00:00:00,0.00010000
1619251200,2021-04-24 08:00:00,-0.00016953
1619280000,2021-04-24 16:00:00,0.00010000
1619308800,2021-04-25 00:00:00,-0.00033090
1619337600,2021-04-25 08:00:00,-0.00008465
1619366400,2021-04-25 16:00:00,0.00010000
1619395200,2021-04-26 00:00:00,-0.00081562
1619424000,2021-04-26 08:00:00,0.00010000
1619452800,2021-04-26 16:00:00,0.00010000
1619481600,2021-04-27 00:00:00,0.00024112
1619510400,2021-04-27 08:00:00,0.00052766
1619539200,2021-04-27 16:00:00,0.00036456
1619568000,2021-04-28 00:00:00,0.00029614
1619596800,2021-04-28 08:00:00,0.00014123
1619625600,2021-04-28 16:00:00,0.00075197
1619654400,2021-04-29 00:00:00,0.00010000
1619683200,2021-04-29 08:00:00,0.00027906
1619712000,2021-04-29 16:00:00,0.00044525
1619740800,2021-04-30 00:00:00,0.00015236
1619769600,2021-04-30 08:00:00,0.00063122
1619798400,2021-04-30 16:00:00,0.00079326
1619827200,2021-05-01 00:00:00,0.00050617
1619856000,2021-05-01 08:00:00,0.00091168
1619884800,2021-05-01 16:00:00,0.00056507
1619913600,2021-05-02 00:00:00,0.00105805
1619942400,2021-05-02 08:00:00,0.00064962
1619971200,2021-05-02 16:00:00,0.00051725
1620000000,2021-05-03 00:00:00,0.00074971
1620028800,2021-05-03 08:00:00,0.00109798
1620057600,2021-05-03 16:00:00,0.00151518
1620086400,2021-05-04 00:00:00,0.00115129
1620115200,2021-05-04 08:00:00,0.00057391
1620144000,2021-05-04 16:00:00,0.00108328
1620172800,2021-05-05 00:00:00,0.00052608
1620201600,2021-05-05 08:00:00,0.00036197
1620230400,2021-05-05 16:00:00,0.00031246
1620259200,2021-05-06 00:00:00,0.00069363
1620288000,2021-05-06 08:00:00,0.00022015
1620316800,2021-05-06 16:00:00,0.00192340
1620345600,2021-05-07 00:00:00,0.00079498
1620374400,2021-05-07 08:00:00,0.00044333
1620403200,2021-05-07 16:00:00,0.00093080
1620432000,2021-05-08 00:00:00,0.00130481
1620460800,2021-05-08 08:00:00,0.00092286
1620489600,2021-05-08 16:00:00,0.00061559
1620518400,2021-05-09 00:00:00,0.00010000
1620547200,2021-05-09 08:00:00,-0.00033803
1620576000,2021-05-09 16:00:00,0.00039570
1620604800,2021-05-10 00:00:00,-0.00074340
1620633600,2021-05-10 08:00:00,0.00010000
1620662400,2021-05-10 16:00:00,0.00010000
1620691200,2021-05-11 00:00:00,0.00010000
1620720000,2021-05-11 08:00:00,0.00014469
1620748800,2021-05-11 16:00:00,0.00010000
1620777600,2021-05-12 00:00:00,0.00010000
1620806400,2021-05-12 08:00:00,0.00010000
1620835200,2021-05-12 16:00:00,0.00010000
1620864000,2021-05-13 00:00:00,0.00010000
1620892800,2021-05-13 08:00:00,-0.00004634
1620921600,2021-05-13 16:00:00,0.00004777
1620950400,2021-05-14 00:00:00,0.00010000
1620979200,2021-05-14 08:00:00,0.00010000
1621008000,2021-05-14 16:00:00,0.00010000
1621036800,2021-05-15 00:00:00,0.00010000
1621065600,2021-05-15 08:00:00,0.00010000
1621094400,2021-05-15 16:00:00,0.00010000
1621123200,2021-05-16 00:00:00,0.00010000
1621152000,2021-05-16 08:00:00,0.00010000
1621180800,2021-05-16 16:00:00,0.00010000
1621209600,2021-05-17 00:00:00,0.00010000
1621238400,2021-05-17 08:00:00,0.00010000
1621267200,2021-05-17 16:00:00,0.00010000
1621296000,2021-05-18 00:00:00,0.00010000
1621324800,2021-05-18 08:00:00,0.00013130
1621353600,2021-05-18 16:00:00,0.00010000
1621382400,2021-05-19 00:00:00,0.00010000
1621411200,2021-05-19 08:00:00,0.00010000
1621440000,2021-05-19 16:00:00,-0.00125657
1621468800,2021-05-20 00:00:00,-0.00025581
1621497600,2021-05-20 08:00:00,-0.00023976
1621526400,2021-05-20 16:00:00,-0.00001646
1621555200,2021-05-21 00:00:00,0.00010000
1621584000,2021-05-21 08:00:00,-0.00009093
1621612800,2021-05-21 16:00:00,-0.00022982
1621641600,2021-05-22 00:00:00,-0.00037009
1621670400,2021-05-22 08:00:00,-0.00032359
1621699200,2021-05-22 16:00:00,0.00007248
1621728000,2021-05-23 00:00:00,0.00010000
1621756800,2021-05-23 08:00:00,0.00010000
1621785600,2021-05-23 16:00:00,-0.00054423
1621814400,2021-05-24 00:00:00,0.00007206
1621843200,2021-05-24 08:00:00,0.00010000
1621872000,2021-05-24 16:00:00,0.00010000
1621900800,2021-05-25 00:00:00,0.00000374
1621929600,2021-05-25 08:00:00,-0.00009724
1621958400,2021-05-25 16:00:00,-0.00003801
1621987200,2021-05-26 00:00:00,0.00005565
1622016000,2021-05-26 08:00:00,0.00010000
1622044800,2021-05-26 16:00:00,-0.00021252
1622073600,2021-05-27 00:00:00,0.00000978
1622102400,2021-05-27 08:00:00,-0.00015068
1622131200,2021-05-27 16:00:00,0.00010000
1622160000,2021-05-28 00:00:00,0.00010000
1622188800,2021-05-28 08:00:00,0.00010000
1622217600,2021-05-28 16:00:00,0.00010000
1622246400,2021-05-29 00:00:00,0.00010000
1622275200,2021-05-29 08:00:00,0.00010000
1622304000,2021-05-29 16:00:00,0.00010000
1622332800,2021-05-30 00:00:00,0.00010000
1622361600,2021-05-30 08:00:00,0.00010000
1622390400,2021-05-30 16:00:00,0.00010000
1622419200,2021-05-31 00:00:00,0.00010000
1622448000,2021-05-31 08:00:00,0.00010000
1622476800,2021-05-31 16:00:00,0.00010000
1622505600,2021-06-01 00:00:00,0.00010000
1622534400,2021-06-01 08:00:00,0.00010000
1622563200,2021-06-01 16:00:00,0.00010000
1622592000,2021-06-02 00:00:00,0.00010000
1622620800,2021-06-02 08:00:00,0.00010000
1622649600,2021-06-02 16:00:00,0.00010000
1622678400,2021-06-03 00:00:00,0.00010000
1622707200,2021-06-03 08:00:00,0.00010000
1622736000,2021-06-03 16:00:00,0.00010000
1622764800,2021-06-04 00:00:00,0.00010000
1622793600,2021-06-04 08:00:00,0.00010000
1622822400,2021-06-04 16:00:00,0.00010000
1622851200,2021-06-05 00:00:00,0.00010000
1622880000,2021-06-05 08:00:00,0.00010000
1622908800,2021-06-05 16:00:00,0.00010000
1622937600,2021-06-06 00:00:00,0.00010000
1622966400,2021-06-06 08:00:00,0.00010000
1622995200,2021-06-06 16:00:00,0.00010000
1623024000,2021-06-07 00:00:00,0.00010000
1623052800,2021-06-07 08:00:00,0.00010000
1623081600,2021-06-07 16:00:00,0.00010000
1623110400,2021-06-08 00:00:00,0.00004624
1623139200,2021-06-08 08:00:00,0.00007966
1623168000,2021-06-08 16:00:00,-0.00007779
1623196800,2021-06-09 00:00:00,-0.00000698
1623225600,2021-06-09 08:00:00,0.00004528
1623254400,2021-06-09 16:00:00,0.00010000
1623283200,2021-06-10 00:00:00,0.00010000
1623312000,2021-06-10 08:00:00,0.00010000
1623340800,2021-06-10 16:00:00,0.00010000
1623369600,2021-06-11 00:00:00,0.00010000
1623398400,2021-06-11 08:00:00,0.00010000
1623427200,2021-06-11 16:00:00,0.00010000
1623456000,2021-06-12 00:00:00,0.00010000
1623484800,2021-06-12 08:00:00,-0.00001032
1623513600,2021-06-12 16:00:00,-0.00001804
1623542400,2021-06-13 00:00:00,0.00010000
1623571200,2021-06-13 08:00:00,0.00010000
1623600000,2021-06-13 16:00:00,0.00010000
1623628800,2021-06-14 00:00:00,0.00010000
1623657600,2021-06-14 08:00:00,0.00010000
1623686400,2021-06-14 16:00:00,0.00010000
1623715200,2021-06-15 00:00:00,0.00010000
1623744000,2021-06-15 08:00:00,0.00010000
1623772800,2021-06-15 16:00:00,0.00010000
1623801600,2021-06-16 00:00:00,0.00010000
1623830400,2021-06-16 08:00:00,0.00010000
1623859200,2021-06-16 16:00:00,0.00010000
1623888000,2021-06-17 00:00:00,0.00010000
1623916800,2021-06-17 08:00:00,0.00010000
1623945600,2021-06-17 16:00:00,0.00010000
1623974400,2021-06-18 00:00:00,0.00010000
1624003200,2021-06-18 08:00:00,0.00010000
1624032000,2021-06-18 16:00:00,0.00010000
1624060800,2021-06-19 00:00:00,0.00009486
1624089600,2021-06-19 08:00:00,0.00010000
1624118400,2021-06-19 16:00:00,0.00010000
1624147200,2021-06-20 00:00:00,0.00010000
1624176000,2021-06-20 08:00:00,0.00010000
1624204800,2021-06-20 16:00:00,-0.00047182
1624233600,2021-06-21 00:00:00,-0.00020335
1624262400,2021-06-21 08:00:00,-0.00026779
1624291200,2021-06-21 16:00:00,-0.00024228
1624320000,2021-06-22 00:00:00,-0.00091314
1624348800,2021-06-22 08:00:00,-0.00064204
1624377600,2021-06-22 16:00:00,-0.00070951
1624406400,2021-06-23 00:00:00,-0.00059853
1624435200,2021-06-23 08:00:00,-0.00052957
1624464000,2021-06-23 16:00:00,-0.00006101
1624492800,2021-06-24 00:00:00,0.00004900
1624521600,2021-06-24 08:00:00,-0.00009072
1624550400,2021-06-24 16:00:00,-0.00013877
1624579200,2021-06-25 00:00:00,-0.00017250
1624608000,2021-06-25 08:00:00,0.00000825
1624636800,2021-06-25 16:00:00,0.00010000
1624665600,2021-06-26 00:00:00,0.00003349
1624694400,2021-06-26 08:00:00,0.00010000
1624723200,2021-06-26 16:00:00,-0.00026623
1624752000,2021-06-27 00:00:00,-0.00005844
1624780800,2021-06-27 08:00:00,0.00004843
1624809600,2021-06-27 16:00:00,-0.00000104
1624838400,2021-06-28 00:00:00,0.00003611
1624867200,2021-06-28 08:00:00,0.00007592
1624896000,2021-06-28 16:00:00,-0.00004071
1624924800,2021-06-29 00:00:00,-0.00014685
1624953600,2021-06-29 08:00:00,-0.00006082
1624982400,2021-06-29 16:00:00,0.00010000
1625011200,2021-06-30 00:00:00,0.00010000
1625040000,2021-06-30 08:00:00,0.00005643
1625068800,2021-06-30 16:00:00,0.00010000
1625097600,2021-07-01 00:00:00,-0.00002631
1625126400,2021-07-01 08:00:00,0.00001412
1625155200,2021-07-01 16:00:00,0.00010000
1625184000,2021-07-02 00:00:00,0.00010000
1625212800,2021-07-02 08:00:00,0.00008837
1625241600,2021-07-02 16:00:00,0.00010000
1625270400,2021-07-03 00:00:00,0.00010000
1625299200,2021-07-03 08:00:00,0.00010000
1625328000,2021-07-03 16:00:00,0.00010000
1625356800,2021-07-04 00:00:00,0.00010000
1625385600,2021-07-04 08:00:00,0.00010000
1625414400,2021-07-04 16:00:00,0.00010000
1625443200,2021-07-05 00:00:00,0.00010000
1625472000,2021-07-05 08:00:00,0.00010000
1625500800,2021-07-05 16:00:00,-0.00032559
1625529600,2021-07-06 00:00:00,-0.00008271
1625558400,2021-07-06 08:00:00,0.00010000
1625587200,2021-07-06 16:00:00,0.00010000
1625616000,2021-07-07 00:00:00,0.00010000
1625644800,2021-07-07 08:00:00,0.00010000
1625673600,2021-07-07 16:00:00,0.00010000
1625702400,2021-07-08 00:00:00,0.00010000
1625731200,2021-07-08 08:00:00,0.00010000
1625760000,2021-07-08 16:00:00,0.00010000
1625788800,2021-07-09 00:00:00,0.00010000
1625817600,2021-07-09 08:00:00,-0.00002937
1625846400,2021-07-09 16:00:00,0.00010000
1625875200,2021-07-10 00:00:00,0.00010000
1625904000,2021-07-10 08:00:00,0.00010000
1625932800,2021-07-10 16:00:00,0.00010000
1625961600,2021-07-11 00:00:00,0.00010000
1625990400,2021-07-11 08:00:00,0.00010000
1626019200,2021-07-11 16:00:00,0.00010000
1626048000,2021-07-12 00:00:00,0.00010000
1626076800,2021-07-12 08:00:00,0.00010000
1626105600,2021-07-12 16:00:00,0.00010000
1626134400,2021-07-13 00:00:00,0.00010000
1626163200,2021-07-13 08:00:00,0.00010000
1626192000,2021-07-13 16:00:00,0.00010000
1626220800,2021-07-14 00:00:00,0.00010000
1626249600,2021-07-14 08:00:00,0.00005711
1626278400,2021-07-14 16:00:00,0.00010000
1626307200,2021-07-15 00:00:00,0.00010000
1626336000,2021-07-15 08:00:00,0.00010000
1626364800,2021-07-15 16:00:00,0.00010000
1626393600,2021-07-16 00:00:00,0.00010000
1626422400,2021-07-16 08:00:00,0.00010000
1626451200,2021-07-16 16:00:00,0.00010000
1626480000,2021-07-17 00:00:00,0.00009936
1626508800,2021-07-17 08:00:00,0.00004998
1626537600,2021-07-17 16:00:00,0.00005788
1626566400,2021-07-18 00:00:00,0.00010000
1626595200,2021-07-18 08:00:00,0.00010000
1626624000,2021-07-18 16:00:00,0.00003454
1626652800,2021-07-19 00:00:00,0.00010000
1626681600,2021-07-19 08:00:00,0.00003297
1626710400,2021-07-19 16:00:00,-0.00001736
1626739200,2021-07-20 00:00:00,0.00010000
1626768000,2021-07-20 08:00:00,-0.00025901
1626796800,2021-07-20 16:00:00,-0.00002431
1626825600,2021-07-21 00:00:00,-0.00004249
1626854400,2021-07-21 08:00:00,0.00006987
1626883200,2021-07-21 16:00:00,0.00004144
1626912000,2021-07-22 00:00:00,0.00010000
1626940800,2021-07-22 08:00:00,0.00010000
1626969600,2021-07-22 16:00:00,0.00010000
1626998400,2021-07-23 00:00:00,0.00010000
1627027200,2021-07-23 08:00:00,0.00010000
1627056000,2021-07-23 16:00:00,0.00010000
1627084800,2021-07-24 00:00:00,0.00010000
1627113600,2021-07-24 08:00:00,0.00010000
1627142400,2021-07-24 16:00:00,0.00010000
1627171200,2021-07-25 00:00:00,0.00010000
1627200000,2021-07-25 08:00:00,0.00010000
1627228800,2021-07-25 16:00:00,0.00010000
1627257600,2021-07-26 00:00:00,0.00010000
1627286400,2021-07-26 08:00:00,0.00010000
1627315200,2021-07-26 16:00:00,0.00010000
1627344000,2021-07-27 00:00:00,0.00010000
1627372800,2021-07-27 08:00:00,0.00010000
1627401600,2021-07-27 16:00:00,0.00010000
1627430400,2021-07-28 00:00:00,0.00010000
1627459200,2021-07-28 08:00:00,0.00010000
1627488000,2021-07-28 16:00:00,0.00010000
1627516800,2021-07-29 00:00:00,0.00010000
1627545600,2021-07-29 08:00:00,0.00010000
1627574400,2021-07-29 16:00:00,0.00010000
1627603200,2021-07-30 00:00:00,0.00010000
1627632000,2021-07-30 08:00:00,0.00010000
1627660800,2021-07-30 16:00:00,0.00010000
1627689600,2021-07-31 00:00:00,0.00010000
1627718400,2021-07-31 08:00:00,0.00010000
1627747200,2021-07-31 16:00:00,0.00010000
1627776000,2021-08-01 00:00:00,0.00010000
1627804800,2021-08-01 08:00:00,0.00020359
1627833600,2021-08-01 16:00:00,0.00019681
1627862400,2021-08-02 00:00:00,0.00010000
1627891200,2021-08-02 08:00:00,0.00010000
1627920000,2021-08-02 16:00:00,0.00010000
1627948800,2021-08-03 00:00:00,0.00010000
1627977600,2021-08-03 08:00:00,0.00010000
1628006400,2021-08-03 16:00:00,0.00010000
1628035200,2021-08-04 00:00:00,0.00010000
1628064000,2021-08-04 08:00:00,0.00010000
1628092800,2021-08-04 16:00:00,0.00010000
1628121600,2021-08-05 00:00:00,0.00010000
1628150400,2021-08-05 08:00:00,0.00010000
1628179200,2021-08-05 16:00:00,0.00010000
1628208000,2021-08-06 00:00:00,0.00010000
1628236800,2021-08-06 08:00:00,0.00010000
1628265600,2021-08-06 16:00:00,0.00024257
1628294400,2021-08-07 00:00:00,0.00051042
1628323200,2021-08-07 08:00:00,0.00058676
1628352000,2021-08-07 16:00:00,0.00060928
1628380800,2021-08-08 00:00:00,0.00065496
1628409600,2021-08-08 08:00:00,0.00044762
1628438400,2021-08-08 16:00:00,0.00055772
1628467200,2021-08-09 00:00:00,0.00021706
1628496000,2021-08-09 08:00:00,0.00044150
1628524800,2021-08-09 16:00:00,0.00036113
1628553600,2021-08-10 00:00:00,0.00010000
1628582400,2021-08-10 08:00:00,0.00025552
1628611200,2021-08-10 16:00:00,0.00036504
1628640000,2021-08-11 00:00:00,0.00071508
1628668800,2021-08-11 08:00:00,0.00081207
1628697600,2021-08-11 16:00:00,0.00079533
1628726400,2021-08-12 00:00:00,0.00029910
1628755200,2021-08-12 08:00:00,0.00063279
1628784000,2021-08-12 16:00:00,0.00015117
1628812800,2021-08-13 00:00:00,0.00010000
1628841600,2021-08-13 08:00:00,0.00036501
1628870400,2021-08-13 16:00:00,0.00028221
1628899200,2021-08-14 00:00:00,0.00037230
1628928000,2021-08-14 08:00:00,0.00064820
1628956800,2021-08-14 16:00:00,0.00057546
1628985600,2021-08-15 00:00:00,0.00059794
1629014400,2021-08-15 08:00:00,0.00053723
1629043200,2021-08-15 16:00:00,0.00048905
1629072000,2021-08-16 00:00:00,0.00077534
1629100800,2021-08-16 08:00:00,0.00075376
1629129600,2021-08-16 16:00:00,0.00030419
1629158400,2021-08-17 00:00:00,0.00022657
1629187200,2021-08-17 08:00:00,0.00021479
1629216000,2021-08-17 16:00:00,0.00022165
1629244800,2021-08-18 00:00:00,0.00010000
1629273600,2021-08-18 08:00:00,0.00010000
1629302400,2021-08-18 16:00:00,0.00010000
1629331200,2021-08-19 00:00:00,0.00010000
1629360000,2021-08-19 08:00:00,0.00017454
1629388800,2021-08-19 16:00:00,0.00010000
1629417600,2021-08-20 00:00:00,0.00040915
1629446400,2021-08-20 08:00:00,0.00044864
1629475200,2021-08-20 16:00:00,0.00055440
1629504000,2021-08-21 00:00:00,0.00020372
1629532800,2021-08-21 08:00:00,0.00053922
1629561600,2021-08-21 16:00:00,0.00047552
1629590400,2021-08-22 00:00:00,0.00038199
1629619200,2021-08-22 08:00:00,0.00031329
1629648000,2021-08-22 16:00:00,0.00052123
1629676800,2021-08-23 00:00:00,0.00029152
1629705600,2021-08-23 08:00:00,0.00075426
1629734400,2021-08-23 16:00:00,0.00081515
1629763200,2021-08-24 00:00:00,0.00078965
1629792000,2021-08-24 08:00:00,0.00093203
1629820800,2021-08-24 16:00:00,0.00070134
1629849600,2021-08-25 00:00:00,0.00010000
1629878400,2021-08-25 08:00:00,0.00012255
1629907200,2021-08-25 16:00:00,0.00010000
1629936000,2021-08-26 00:00:00,0.00014589
1629964800,2021-08-26 08:00:00,0.00020591
1629993600,2021-08-26 16:00:00,0.00020401
1630022400,2021-08-27 00:00:00,0.00018623
1630051200,2021-08-27 08:00:00,0.00026187
1630080000,2021-08-27 16:00:00,0.00015768
1630108800,2021-08-28 00:00:00,0.00019032
1630137600,2021-08-28 08:00:00,0.00052214
1630166400,2021-08-28 16:00:00,0.00035501
1630195200,2021-08-29 00:00:00,0.00034873
1630224000,2021-08-29 08:00:00,0.00020095
1630252800,2021-08-29 16:00:00,0.00034429
1630281600,2021-08-30 00:00:00,0.00050168
1630310400,2021-08-30 08:00:00,0.00081384
1630339200,2021-08-30 16:00:00,0.00056891
1630368000,2021-08-31 00:00:00,0.00033931
1630396800,2021-08-31 08:00:00,0.00029868
1630425600,2021-08-31 16:00:00,0.00031072
1630454400,2021-09-01 00:00:00,0.00037717
1630483200,2021-09-01 08:00:00,0.00035309
1630512000,2021-09-01 16:00:00,0.00064436
1630540800,2021-09-02 00:00:00,0.00068579
1630569600,2021-09-02 08:00:00,0.00119691
1630598400,2021-09-02 16:00:00,0.00071133
1630627200,2021-09-03 00:00:00,0.00050917
1630656000,2021-09-03 08:00:00,0.00081683
1630684800,2021-09-03 16:00:00,0.00068450
1630713600,2021-09-04 00:00:00,0.00069924
1630742400,2021-09-04 08:00:00,0.00112999
1630771200,2021-09-04 16:00:00,0.00137079
1630800000,2021-09-05 00:00:00,0.00119733
1630828800,2021-09-05 08:00:00,0.00086393
1630857600,2021-09-05 16:00:00,0.00104803
1630886400,2021-09-06 00:00:00,0.00118524
1630915200,2021-09-06 08:00:00,0.00147555
1630944000,2021-09-06 16:00:00,0.00049934
1630972800,2021-09-07 00:00:00,0.00047626
1631001600,2021-09-07 08:00:00,0.00075340
1631030400,2021-09-07 16:00:00,-0.00325212
1631059200,2021-09-08 00:00:00,0.00046722
1631088000,2021-09-08 08:00:00,0.00010000
1631116800,2021-09-08 16:00:00,0.00010000
1631145600,2021-09-09 00:00:00,0.00010000
1631174400,2021-09-09 08:00:00,0.00010000
1631203200,2021-09-09 16:00:00,0.00010000
1631232000,2021-09-10 00:00:00,0.00010000
1631260800,2021-09-10 08:00:00,0.00010000
1631289600,2021-09-10 16:00:00,0.00010000
1631318400,2021-09-11 00:00:00,0.00010000
1631347200,2021-09-11 08:00:00,0.00010000
1631376000,2021-09-11 16:00:00,0.00010000
1631404800,2021-09-12 00:00:00,0.00010000
1631433600,2021-09-12 08:00:00,0.00010000
1631462400,2021-09-12 16:00:00,0.00010000
1631491200,2021-09-13 00:00:00,0.00010000
1631520000,2021-09-13 08:00:00,0.00010000
1631548800,2021-09-13 16:00:00,0.00010000
1631577600,2021-09-14 00:00:00,0.00010000
1631606400,2021-09-14 08:00:00,0.00010000
1631635200,2021-09-14 16:00:00,0.00010000
1631664000,2021-09-15 00:00:00,0.00010000
1631692800,2021-09-15 08:00:00,0.00010000
1631721600,2021-09-15 16:00:00,0.00010000
1631750400,2021-09-16 00:00:00,0.00011218
1631779200,2021-09-16 08:00:00,0.00013009
1631808000,2021-09-16 16:00:00,0.00010000
1631836800,2021-09-17 00:00:00,0.00010000
1631865600,2021-09-17 08:00:00,0.00036756
1631894400,2021-09-17 16:00:00,0.00010000
1631923200,2021-09-18 00:00:00,0.00010000
1631952000,2021-09-18 08:00:00,0.00010000
1631980800,2021-09-18 16:00:00,0.00010000
1632009600,2021-09-19 00:00:00,0.00010000
1632038400,2021-09-19 08:00:00,0.00010000
1632067200,2021-09-19 16:00:00,0.00010000
1632096000,2021-09-20 00:00:00,0.00010000
1632124800,2021-09-20 08:00:00,0.00010000
1632153600,2021-09-20 16:00:00,0.00010000
1632182400,2021-09-21 00:00:00,0.00010000
1632211200,2021-09-21 08:00:00,0.00010000
1632240000,2021-09-21 16:00:00,0.00010000
1632268800,2021-09-22 00:00:00,0.00010000
1632297600,2021-09-22 08:00:00,0.00010000
1632326400,2021-09-22 16:00:00,0.00010000
1632355200,2021-09-23 00:00:00,0.00010000
1632384000,2021-09-23 08:00:00,0.00010000
1632412800,2021-09-23 16:00:00,0.00007657
1632441600,2021-09-24 00:00:00,0.00009876
1632470400,2021-09-24 08:00:00,0.00010000
1632499200,2021-09-24 16:00:00,0.00001510
1632528000,2021-09-25 00:00:00,-0.00005196
1632556800,2021-09-25 08:00:00,0.00005668
1632585600,2021-09-25 16:00:00,0.00010000
1632614400,2021-09-26 00:00:00,0.00010000
1632643200,2021-09-26 08:00:00,-0.00007196
1632672000,2021-09-26 16:00:00,0.00003771
1632700800,2021-09-27 00:00:00,0.00004720
1632729600,2021-09-27 08:00:00,-0.00001671
1632758400,2021-09-27 16:00:00,0.00010000
1632787200,2021-09-28 00:00:00,0.00008335
1632816000,2021-09-28 08:00:00,0.00008297
1632844800,2021-09-28 16:00:00,0.00010000
1632873600,2021-09-29 00:00:00,0.00009593
1632902400,2021-09-29 08:00:00,0.00010000
1632931200,2021-09-29 16:00:00,0.00010000
1632960000,2021-09-30 00:00:00,0.00010000
1632988800,2021-09-30 08:00:00,0.00010000
1633017600,2021-09-30 16:00:00,0.00010000
1633046400,2021-10-01 00:00:00,0.00010000
1633075200,2021-10-01 08:00:00,0.00010000
1633104000,2021-10-01 16:00:00,0.00010000
1633132800,2021-10-02 00:00:00,0.00010000
1633161600,2021-10-02 08:00:00,0.00010000
1633190400,2021-10-02 16:00:00,0.00010000
1633219200,2021-10-03 00:00:00,0.00010000
1633248000,2021-10-03 08:00:00,0.00010000
1633276800,2021-10-03 16:00:00,0.00010000
1633305600,2021-10-04 00:00:00,0.00010000
1633334400,2021-10-04 08:00:00,0.00010000
1633363200,2021-10-04 16:00:00,0.00010000
1633392000,2021-10-05 00:00:00,0.00019454
1633420800,2021-10-05 08:00:00,0.00026474
1633449600,2021-10-05 16:00:00,0.00010000
1633478400,2021-10-06 00:00:00,0.00040113
1633507200,2021-10-06 08:00:00,0.00024348
1633536000,2021-10-06 16:00:00,0.00014181
1633564800,2021-10-07 00:00:00,0.00032087
1633593600,2021-10-07 08:00:00,0.00044421
1633622400,2021-10-07 16:00:00,0.00048696
1633651200,2021-10-08 00:00:00,0.00035957
1633680000,2021-10-08 08:00:00,0.00048669
1633708800,2021-10-08 16:00:00,0.00054268
1633737600,2021-10-09 00:00:00,0.00033883
1633766400,2021-10-09 08:00:00,0.00041332
1633795200,2021-10-09 16:00:00,0.00029848
1633824000,2021-10-10 00:00:00,0.00043259
1633852800,2021-10-10 08:00:00,0.00042349
1633881600,2021-10-10 16:00:00,0.00057094
1633910400,2021-10-11 00:00:00,0.00010000
1633939200,2021-10-11 08:00:00,0.00010000
1633968000,2021-10-11 16:00:00,0.00020129
1633996800,2021-10-12 00:00:00,0.00010000
1634025600,2021-10-12 08:00:00,0.00010000
1634054400,2021-10-12 16:00:00,0.00010000
1634083200,2021-10-13 00:00:00,0.00010000
1634112000,2021-10-13 08:00:00,0.00010000
1634140800,2021-10-13 16:00:00,0.00010000
1634169600,2021-10-14 00:00:00,0.00010000
1634198400,2021-10-14 08:00:00,0.00031690
1634227200,2021-10-14 16:00:00,0.00037456
1634256000,2021-10-15 00:00:00,0.00032938
1634284800,2021-10-15 08:00:00,0.00050262
1634313600,2021-10-15 16:00:00,0.00041643
1634342400,2021-10-16 00:00:00,0.00070050
1634371200,2021-10-16 08:00:00,0.00078422
1634400000,2021-10-16 16:00:00,0.00034511
1634428800,2021-10-17 00:00:00,0.00038681
1634457600,2021-10-17 08:00:00,0.00050892
1634486400,2021-10-17 16:00:00,0.00046612
1634515200,2021-10-18 00:00:00,0.00016462
1634544000,2021-10-18 08:00:00,0.00053689
1634572800,2021-10-18 16:00:00,0.00078026
1634601600,2021-10-19 00:00:00,0.00044740
1634630400,2021-10-19 08:00:00,0.00038920
1634659200,2021-10-19 16:00:00,0.00046842
1634688000,2021-10-20 00:00:00,0.00027303
1634716800,2021-10-20 08:00:00,0.00047774
1634745600,2021-10-20 16:00:00,0.00042717
1634774400,2021-10-21 00:00:00,0.00052495
1634803200,2021-10-21 08:00:00,0.00085980
1634832000,2021-10-21 16:00:00,0.00061231
1634860800,2021-10-22 00:00:00,0.00031740
1634889600,2021-10-22 08:00:00,0.00056797
1634918400,2021-10-22 16:00:00,0.00043017
1634947200,2021-10-23 00:00:00,0.00058354
1634976000,2021-10-23 08:00:00,0.00050970
1635004800,2021-10-23 16:00:00,0.00051000
1635033600,2021-10-24 00:00:00,0.00085184
1635062400,2021-10-24 08:00:00,0.00086462
1635091200,2021-10-24 16:00:00,0.00083881
1635120000,2021-10-25 00:00:00,0.00066990
1635148800,2021-10-25 08:00:00,0.00060553
1635177600,2021-10-25 16:00:00,0.00066000
1635206400,2021-10-26 00:00:00,0.00066885
1635235200,2021-10-26 08:00:00,0.00084469
1635264000,2021-10-26 16:00:00,0.00074610
1635292800,2021-10-27 00:00:00,0.00043225
1635321600,2021-10-27 08:00:00,0.00073485
1635350400,2021-10-27 16:00:00,0.00010000
1635379200,2021-10-28 00:00:00,0.00011048
1635408000,2021-10-28 08:00:00,0.00010000
1635436800,2021-10-28 16:00:00,0.00029341
1635465600,2021-10-29 00:00:00,0.00028884
1635494400,2021-10-29 08:00:00,0.00046321
1635523200,2021-10-29 16:00:00,0.00041302
1635552000,2021-10-30 00:00:00,0.00031314
1635580800,2021-10-30 08:00:00,0.00059177
1635609600,2021-10-30 16:00:00,0.00044672
1635638400,2021-10-31 00:00:00,0.00035589
1635667200,2021-10-31 08:00:00,0.00062143
1635696000,2021-10-31 16:00:00,0.00040120
1635724800,2021-11-01 00:00:00,0.00022332
1635753600,2021-11-01 08:00:00,0.00056948
1635782400,2021-11-01 16:00:00,0.00054972
1635811200,2021-11-02 00:00:00,0.00042834
1635840000,2021-11-02 08:00:00,0.00058205
1635868800,2021-11-02 16:00:00,0.00063368
1635897600,2021-11-03 00:00:00,0.00060236
1635926400,2021-11-03 08:00:00,0.00069661
1635955200,2021-11-03 16:00:00,0.00027232
1635984000,2021-11-04 00:00:00,0.00081679
1636012800,2021-11-04 08:00:00,0.00075240
1636041600,2021-11-04 16:00:00,0.00056931
1636070400,2021-11-05 00:00:00,0.00050417
1636099200,2021-11-05 08:00:00,0.00052246
1636128000,2021-11-05 16:00:00,0.00058701
1636156800,2021-11-06 00:00:00,0.00058508
1636185600,2021-11-06 08:00:00,0.00048989
1636214400,2021-11-06 16:00:00,0.00025340
1636243200,2021-11-07 00:00:00,0.00036554
1636272000,2021-11-07 08:00:00,0.00058958
1636300800,2021-11-07 16:00:00,0.00063263
1636329600,2021-11-08 00:00:00,0.00067510
1636358400,2021-11-08 08:00:00,0.00067028
1636387200,2021-11-08 16:00:00,0.00073579
1636416000,2021-11-09 00:00:00,0.00051446
1636444800,2021-11-09 08:00:00,0.00046030
1636473600,2021-11-09 16:00:00,0.00059972
1636502400,2021-11-10 00:00:00,0.00062783
1636531200,2021-11-10 08:00:00,0.00046577
1636560000,2021-11-10 16:00:00,0.00088314
1636588800,2021-11-11 00:00:00,0.00010000
1636617600,2021-11-11 08:00:00,0.00021812
1636646400,2021-11-11 16:00:00,0.00021939
1636675200,2021-11-12 00:00:00,0.00042035
1636704000,2021-11-12 08:00:00,0.00034392
1636732800,2021-11-12 16:00:00,0.00014559
1636761600,2021-11-13 00:00:00,0.00012313
1636790400,2021-11-13 08:00:00,0.00024047
1636819200,2021-11-13 16:00:00,0.00019753
1636848000,2021-11-14 00:00:00,0.00011616
1636876800,2021-11-14 08:00:00,0.00014711
1636905600,2021-11-14 16:00:00,0.00026823
1636934400,2021-11-15 00:00:00,0.00028792
1636963200,2021-11-15 08:00:00,0.00034448
1636992000,2021-11-15 16:00:00,0.00018981
1637020800,2021-11-16 00:00:00,0.00029746
1637049600,2021-11-16 08:00:00,0.00010000
1637078400,2021-11-16 16:00:00,0.00010000
1637107200,2021-11-17 00:00:00,0.00010000
1637136000,2021-11-17 08:00:00,0.00010000
1637164800,2021-11-17 16:00:00,0.00010000
1637193600,2021-11-18 00:00:00,0.00010000
1637222400,2021-11-18 08:00:00,0.00010000
1637251200,2021-11-18 16:00:00,0.00010000
1637280000,2021-11-19 00:00:00,0.00010000
1637308800,2021-11-19 08:00:00,0.00010000
1637337600,2021-11-19 16:00:00,0.00010000
1637366400,2021-11-20 00:00:00,0.00010000
1637395200,2021-11-20 08:00:00,0.00010000
1637424000,2021-11-20 16:00:00,0.00010000
1637452800,2021-11-21 00:00:00,0.00010000
1637481600,2021-11-21 08:00:00,0.00010000
1637510400,2021-11-21 16:00:00,0.00010000
1637539200,2021-11-22 00:00:00,0.00010000
1637568000,2021-11-22 08:00:00,0.00010000
1637596800,2021-11-22 16:00:00,0.00010000
1637625600,2021-11-23 00:00:00,0.00010000
1637654400,2021-11-23 08:00:00,0.00010000
1637683200,2021-11-23 16:00:00,0.00010000
1637712000,2021-11-24 00:00:00,0.00018602
1637740800,2021-11-24 08:00:00,0.00014350
1637769600,2021-11-24 16:00:00,0.00010000
1637798400,2021-11-25 00:00:00,0.00010000
1637827200,2021-11-25 08:00:00,0.00017334
1637856000,2021-11-25 16:00:00,0.00010681
1637884800,2021-11-26 00:00:00,0.00034842
1637913600,2021-11-26 08:00:00,0.00010000
1637942400,2021-11-26 16:00:00,0.00010000
1637971200,2021-11-27 00:00:00,0.00010000
1638000000,2021-11-27 08:00:00,0.00010000
1638028800,2021-11-27 16:00:00,0.00010000
1638057600,2021-11-28 00:00:00,0.00010000
1638086400,2021-11-28 08:00:00,0.00010000
1638115200,2021-11-28 16:00:00,0.00010000
1638144000,2021-11-29 00:00:00,0.00010000
1638172800,2021-11-29 08:00:00,0.00010000
1638201600,2021-11-29 16:00:00,0.00010000
1638230400,2021-11-30 00:00:00,0.00010000
1638259200,2021-11-30 08:00:00,0.00010000
1638288000,2021-11-30 16:00:00,0.00010000
1638316800,2021-12-01 00:00:00,0.00010000
1638345600,2021-12-01 08:00:00,0.00010000
1638374400,2021-12-01 16:00:00,0.00010000
1638403200,2021-12-02 00:00:00,0.00010000
1638432000,2021-12-02 08:00:00,0.00010000
1638460800,2021-12-02 16:00:00,0.00010000
1638489600,2021-12-03 00:00:00,0.00010000
1638518400,2021-12-03 08:00:00,0.00010000
1638547200,2021-12-03 16:00:00,0.00010000
1638576000,2021-12-04 00:00:00,0.00010000
1638604800,2021-12-04 08:00:00,-0.00121599
1638633600,2021-12-04 16:00:00,-0.00003885
1638662400,2021-12-05 00:00:00,0.00001938
1638691200,2021-12-05 08:00:00,0.00010000
1638720000,2021-12-05 16:00:00,0.00009827
1638748800,2021-12-06 00:00:00,-0.00006379
1638777600,2021-12-06 08:00:00,-0.00003727
1638806400,2021-12-06 16:00:00,0.00009200
1638835200,2021-12-07 00:00:00,0.00005857
1638864000,2021-12-07 08:00:00,0.00007909
1638892800,2021-12-07 16:00:00,-0.00006572
1638921600,2021-12-08 00:00:00,-0.00003678
1638950400,2021-12-08 08:00:00,0.00003584
1638979200,2021-12-08 16:00:00,0.00006803
1639008000,2021-12-09 00:00:00,0.00010000
1639036800,2021-12-09 08:00:00,-0.00006299
1639065600,2021-12-09 16:00:00,-0.00006876
1639094400,2021-12-10 00:00:00,0.00009775
1639123200,2021-12-10 08:00:00,0.00010000
1639152000,2021-12-10 16:00:00,-0.00004101
1639180800,2021-12-11 00:00:00,0.00010000
1639209600,2021-12-11 08:00:00,0.00008706
1639238400,2021-12-11 16:00:00,0.00004110
1639267200,2021-12-12 00:00:00,0.00006733
1639296000,2021-12-12 08:00:00,0.00005208
1639324800,2021-12-12 16:00:00,0.00005962
1639353600,2021-12-13 00:00:00,0.00006573
1639382400,2021-12-13 08:00:00,0.00004002
1639411200,2021-12-13 16:00:00,-0.00004542
1639440000,2021-12-14 00:00:00,-0.00019515
1639468800,2021-12-14 08:00:00,0.00007746
1639497600,2021-12-14 16:00:00,0.00009385
1639526400,2021-12-15 00:00:00,-0.00007596
1639555200,2021-12-15 08:00:00,0.00010000
1639584000,2021-12-15 16:00:00,0.00010000
1639612800,2021-12-16 00:00:00,0.00010000
1639641600,2021-12-16 08:00:00,0.00010000
1639670400,2021-12-16 16:00:00,0.00010000
1639699200,2021-12-17 00:00:00,0.00010000
1639728000,2021-12-17 08:00:00,0.00010000
1639756800,2021-12-17 16:00:00,0.00010000
1639785600,2021-12-18 00:00:00,0.00010000
1639814400,2021-12-18 08:00:00,0.00010000
1639843200,2021-12-18 16:00:00,0.00010000
1639872000,2021-12-19 00:00:00,0.00010000
1639900800,2021-12-19 08:00:00,0.00010000
1639929600,2021-12-19 16:00:00,0.00010000
1639958400,2021-12-20 00:00:00,0.00010000
1639987200,2021-12-20 08:00:00,0.00010000
1640016000,2021-12-20 16:00:00,0.00001990
1640044800,2021-12-21 00:00:00,0.00001142
1640073600,2021-12-21 08:00:00,0.00000844
1640102400,2021-12-21 16:00:00,0.00010000
1640131200,2021-12-22 00:00:00,0.00010000
1640160000,2021-12-22 08:00:00,0.00010000
1640188800,2021-12-22 16:00:00,0.00010000
1640217600,2021-12-23 00:00:00,0.00010000
1640246400,2021-12-23 08:00:00,0.00010000
1640275200,2021-12-23 16:00:00,0.00010000
1640304000,2021-12-24 00:00:00,0.00010000
1640332800,2021-12-24 08:00:00,0.00010000
1640361600,2021-12-24 16:00:00,0.00010000
1640390400,2021-12-25 00:00:00,0.00010000
1640419200,2021-12-25 08:00:00,0.00010000
1640448000,2021-12-25 16:00:00,0.00010000
1640476800,2021-12-26 00:00:00,0.00010000
1640505600,2021-12-26 08:00:00,0.00010000
1640534400,2021-12-26 16:00:00,0.00010000
1640563200,2021-12-27 00:00:00,0.00010000
1640592000,2021-12-27 08:00:00,0.00010000
1640620800,2021-12-27 16:00:00,0.00010000
1640649600,2021-12-28 00:00:00,0.00010000
1640678400,2021-12-28 08:00:00,0.00010000
1640707200,2021-12-28 16:00:00,0.00010000
1640736000,2021-12-29 00:00:00,0.00006869
1640764800,2021-12-29 08:00:00,0.00010000
1640793600,2021-12-29 16:00:00,0.00010000
1640822400,2021-12-30 00:00:00,0.00010000
1640851200,2021-12-30 08:00:00,0.00010000
1640880000,2021-12-30 16:00:00,0.00010000
1640908800,2021-12-31 00:00:00,0.00010000
1640937600,2021-12-31 08:00:00,0.00010000
1640966400,2021-12-31 16:00:00,0.00010000
1640995200,2022-01-01 00:00:00,0.00010000
1641024000,2022-01-01 08:00:00,0.00010000
1641052800,2022-01-01 16:00:00,0.00010000
1641081600,2022-01-02 00:00:00,0.00010000
1641110400,2022-01-02 08:00:00,0.00010000
1641139200,2022-01-02 16:00:00,0.00010000
1641168000,2022-01-03 00:00:00,0.00010000
1641196800,2022-01-03 08:00:00,0.00010000
1641225600,2022-01-03 16:00:00,0.00010000
1641254400,2022-01-04 00:00:00,0.00010000
1641283200,2022-01-04 08:00:00,0.00010000
1641312000,2022-01-04 16:00:00,0.00010000
1641340800,2022-01-05 00:00:00,0.00010000
1641369600,2022-01-05 08:00:00,0.00010000
1641398400,2022-01-05 16:00:00,0.00010000
1641427200,2022-01-06 00:00:00,-0.00028300
1641456000,2022-01-06 08:00:00,-0.00006991
1641484800,2022-01-06 16:00:00,0.00008787
1641513600,2022-01-07 00:00:00,-0.00002463
1641542400,2022-01-07 08:00:00,-0.00014537
1641571200,2022-01-07 16:00:00,-0.00009159
1641600000,2022-01-08 00:00:00,0.00010000
1641628800,2022-01-08 08:00:00,0.00010000
1641657600,2022-01-08 16:00:00,-0.00002390
1641686400,2022-01-09 00:00:00,-0.00013985
1641715200,2022-01-09 08:00:00,-0.00004159
1641744000,2022-01-09 16:00:00,-0.00010260
1641772800,2022-01-10 00:00:00,-0.00023030
1641801600,2022-01-10 08:00:00,-0.00014750
1641830400,2022-01-10 16:00:00,-0.00037477
1641859200,2022-01-11 00:00:00,-0.00026400
1641888000,2022-01-11 08:00:00,0.00009216
1641916800,2022-01-11 16:00:00,0.00001895
1641945600,2022-01-12 00:00:00,-0.00001570
1641974400,2022-01-12 08:00:00,0.00001363
1642003200,2022-01-12 16:00:00,-0.00014556
1642032000,2022-01-13 00:00:00,0.00010000
1642060800,2022-01-13 08:00:00,0.00010000
1642089600,2022-01-13 16:00:00,0.00010000
1642118400,2022-01-14 00:00:00,0.00010000
1642147200,2022-01-14 08:00:00,0.00010000
1642176000,2022-01-14 16:00:00,-0.00017804
1642204800,2022-01-15 00:00:00,0.00010000
1642233600,2022-01-15 08:00:00,0.00010000
1642262400,2022-01-15 16:00:00,0.00010000
1642291200,2022-01-16 00:00:00,0.00010000
1642320000,2022-01-16 08:00:00,0.00010000
1642348800,2022-01-16 16:00:00,0.00010000
1642377600,2022-01-17 00:00:00,0.00010000
1642406400,2022-01-17 08:00:00,0.00010000
1642435200,2022-01-17 16:00:00,0.00010000
1642464000,2022-01-18 00:00:00,0.00010000
1642492800,2022-01-18 08:00:00,0.00010000
1642521600,2022-01-18 16:00:00,0.00010000
1642550400,2022-01-19 00:00:00,0.00005127
1642579200,2022-01-19 08:00:00,0.00009778
1642608000,2022-01-19 16:00:00,0.00010000
1642636800,2022-01-20 00:00:00,0.00010000
1642665600,2022-01-20 08:00:00,0.00010000
1642694400,2022-01-20 16:00:00,0.00010000
1642723200,2022-01-21 00:00:00,-0.00020174
1642752000,2022-01-21 08:00:00,-0.00019908
1642780800,2022-01-21 16:00:00,0.00006641
1642809600,2022-01-22 00:00:00,-0.00000229
1642838400,2022-01-22 08:00:00,-0.00029717
1642867200,2022-01-22 16:00:00,-0.00039253
1642896000,2022-01-23 00:00:00,-0.00022543
1642924800,2022-01-23 08:00:00,-0.00020590
1642953600,2022-01-23 16:00:00,-0.00018487
1642982400,2022-01-24 00:00:00,-0.00001439
1643011200,2022-01-24 08:00:00,-0.00007567
1643040000,2022-01-24 16:00:00,-0.00004654
1643068800,2022-01-25 00:00:00,-0.00016899
1643097600,2022-01-25 08:00:00,0.00009235
1643126400,2022-01-25 16:00:00,-0.00008075
1643155200,2022-01-26 00:00:00,-0.00011949
1643184000,2022-01-26 08:00:00,-0.00015684
1643212800,2022-01-26 16:00:00,-0.00004730
1643241600,2022-01-27 00:00:00,-0.00012216
1643270400,2022-01-27 08:00:00,-0.00002955
1643299200,2022-01-27 16:00:00,-0.00003391
1643328000,2022-01-28 00:00:00,-0.00017111
1643356800,2022-01-28 08:00:00,-0.00011091
1643385600,2022-01-28 16:00:00,0.00009832
1643414400,2022-01-29 00:00:00,-0.00002935
1643443200,2022-01-29 08:00:00,0.00007566
1643472000,2022-01-29 16:00:00,0.00010000
1643500800,2022-01-30 00:00:00,0.00007964
1643529600,2022-01-30 08:00:00,0.00010000
1643558400,2022-01-30 16:00:00,0.00003498
1643587200,2022-01-31 00:00:00,-0.00004692
1643616000,2022-01-31 08:00:00,-0.00015712
1643644800,2022-01-31 16:00:00,-0.00013889
1643673600,2022-02-01 00:00:00,0.00008181
1643702400,2022-02-01 08:00:00,0.00010000
1643731200,2022-02-01 16:00:00,0.00006270
1643760000,2022-02-02 00:00:00,0.00007433
1643788800,2022-02-02 08:00:00,0.00008686
1643817600,2022-02-02 16:00:00,0.00010000
1643846400,2022-02-03 00:00:00,-0.00013057
1643875200,2022-02-03 08:00:00,-0.00021828
1643904000,2022-02-03 16:00:00,0.00003476
1643932800,2022-02-04 00:00:00,-0.00017933
1643961600,2022-02-04 08:00:00,-0.00022377
1643990400,2022-02-04 16:00:00,0.00007199
1644019200,2022-02-05 00:00:00,0.00010000
1644048000,2022-02-05 08:00:00,0.00010000
1644076800,2022-02-05 16:00:00,0.00010000
1644105600,2022-02-06 00:00:00,0.00010000
1644134400,2022-02-06 08:00:00,0.00010000
1644163200,2022-02-06 16:00:00,0.00006821
1644192000,2022-02-07 00:00:00,0.00004035
1644220800,2022-02-07 08:00:00,0.00010000
1644249600,2022-02-07 16:00:00,0.00010000
1644278400,2022-02-08 00:00:00,0.00007065
1644307200,2022-02-08 08:00:00,0.00010000
1644336000,2022-02-08 16:00:00,0.00010000
1644364800,2022-02-09 00:00:00,-0.00003519
1644393600,2022-02-09 08:00:00,0.00010000
1644422400,2022-02-09 16:00:00,0.00010000
1644451200,2022-02-10 00:00:00,0.00010000
1644480000,2022-02-10 08:00:00,0.00010000
1644508800,2022-02-10 16:00:00,0.00003379
1644537600,2022-02-11 00:00:00,0.00003677
1644566400,2022-02-11 08:00:00,-0.00004601
1644595200,2022-02-11 16:00:00,0.00010000
1644624000,2022-02-12 00:00:00,-0.00019164
1644652800,2022-02-12 08:00:00,-0.00014116
1644681600,2022-02-12 16:00:00,0.00010000
1644710400,2022-02-13 00:00:00,-0.00003961
1644739200,2022-02-13 08:00:00,-0.00000877
1644768000,2022-02-13 16:00:00,-0.00010107
1644796800,2022-02-14 00:00:00,-0.00007045
1644825600,2022-02-14 08:00:00,-0.00002337
1644854400,2022-02-14 16:00:00,-0.00006001
1644883200,2022-02-15 00:00:00,-0.00002760
1644912000,2022-02-15 08:00:00,-0.00016633
1644940800,2022-02-15 16:00:00,0.00010000
1644969600,2022-02-16 00:00:00,0.00010000
1644998400,2022-02-16 08:00:00,0.00010000
1645027200,2022-02-16 16:00:00,0.00010000
1645056000,2022-02-17 00:00:00,0.00010000
1645084800,2022-02-17 08:00:00,0.00010000
1645113600,2022-02-17 16:00:00,0.00010000
1645142400,2022-02-18 00:00:00,-0.00016091
1645171200,2022-02-18 08:00:00,-0.00010892
1645200000,2022-02-18 16:00:00,0.00009731
1645228800,2022-02-19 00:00:00,-0.00006144
1645257600,2022-02-19 08:00:00,0.00008403
1645286400,2022-02-19 16:00:00,0.00010000
1645315200,2022-02-20 00:00:00,0.00003259
1645344000,2022-02-20 08:00:00,0.00002128
1645372800,2022-02-20 16:00:00,0.00001924
1645401600,2022-02-21 00:00:00,0.00010000
1645430400,2022-02-21 08:00:00,0.00009542
1645459200,2022-02-21 16:00:00,0.00007638
1645488000,2022-02-22 00:00:00,-0.00008085
1645516800,2022-02-22 08:00:00,-0.00017697
1645545600,2022-02-22 16:00:00,-0.00014823
1645574400,2022-02-23 00:00:00,-0.00006429
1645603200,2022-02-23 08:00:00,-0.00015581
1645632000,2022-02-23 16:00:00,-0.00000474
1645660800,2022-02-24 00:00:00,-0.00005370
1645689600,2022-02-24 08:00:00,-0.00057284
1645718400,2022-02-24 16:00:00,-0.00046992
1645747200,2022-02-25 00:00:00,-0.00028492
1645776000,2022-02-25 08:00:00,-0.00020103
1645804800,2022-02-25 16:00:00,-0.00024102
1645833600,2022-02-26 00:00:00,-0.00020415
1645862400,2022-02-26 08:00:00,-0.00000351
1645891200,2022-02-26 16:00:00,0.00000492
1645920000,2022-02-27 00:00:00,-0.00007742
1645948800,2022-02-27 08:00:00,-0.00003639
1645977600,2022-02-27 16:00:00,-0.00012409
1646006400,2022-02-28 00:00:00,-0.00000095
1646035200,2022-02-28 08:00:00,-0.00010782
1646064000,2022-02-28 16:00:00,-0.00006489
1646092800,2022-03-01 00:00:00,0.00010000
1646121600,2022-03-01 08:00:00,0.00010000
1646150400,2022-03-01 16:00:00,0.00010000
1646179200,2022-03-02 00:00:00,0.00010000
1646208000,2022-03-02 08:00:00,0.00010000
1646236800,2022-03-02 16:00:00,0.00010000
1646265600,2022-03-03 00:00:00,0.00010000
1646294400,2022-03-03 08:00:00,0.00010000
1646323200,2022-03-03 16:00:00,0.00010000
1646352000,2022-03-04 00:00:00,0.00009433
1646380800,2022-03-04 08:00:00,0.00004847
1646409600,2022-03-04 16:00:00,0.00010000
1646438400,2022-03-05 00:00:00,0.00006715
1646467200,2022-03-05 08:00:00,-0.00007460
1646496000,2022-03-05 16:00:00,0.00006696
1646524800,2022-03-06 00:00:00,-0.00000682
1646553600,2022-03-06 08:00:00,-0.00005251
1646582400,2022-03-06 16:00:00,0.00002448
1646611200,2022-03-07 00:00:00,0.00007852
1646640000,2022-03-07 08:00:00,-0.00004066
1646668800,2022-03-07 16:00:00,-0.00001082
1646697600,2022-03-08 00:00:00,-0.00016034
1646726400,2022-03-08 08:00:00,-0.00002383
1646755200,2022-03-08 16:00:00,0.00010000
1646784000,2022-03-09 00:00:00,0.00004662
1646812800,2022-03-09 08:00:00,0.00009241
1646841600,2022-03-09 16:00:00,0.00010000
1646870400,2022-03-10 00:00:00,0.00010000
1646899200,2022-03-10 08:00:00,-0.00006672
1646928000,2022-03-10 16:00:00,-0.00010433
1646956800,2022-03-11 00:00:00,0.00010000
1646985600,2022-03-11 08:00:00,-0.00001342
1647014400,2022-03-11 16:00:00,0.00007110
1647043200,2022-03-12 00:00:00,0.00010000
1647072000,2022-03-12 08:00:00,0.00010000
1647100800,2022-03-12 16:00:00,0.00010000
1647129600,2022-03-13 00:00:00,0.00010000
1647158400,2022-03-13 08:00:00,-0.00001017
1647187200,2022-03-13 16:00:00,-0.00004261
1647216000,2022-03-14 00:00:00,-0.00006285
1647244800,2022-03-14 08:00:00,0.00004310
1647273600,2022-03-14 16:00:00,0.00010000
1647302400,2022-03-15 00:00:00,-0.00006494
1647331200,2022-03-15 08:00:00,0.00005012
1647360000,2022-03-15 16:00:00,0.00009183
1647388800,2022-03-16 00:00:00,0.00010000
1647417600,2022-03-16 08:00:00,0.00010000
1647446400,2022-03-16 16:00:00,0.00002198
1647475200,2022-03-17 00:00:00,0.00010000
1647504000,2022-03-17 08:00:00,0.00010000
1647532800,2022-03-17 16:00:00,0.00010000
1647561600,2022-03-18 00:00:00,0.00010000
1647590400,2022-03-18 08:00:00,0.00010000
1647619200,2022-03-18 16:00:00,0.00010000
1647648000,2022-03-19 00:00:00,0.00010000
1647676800,2022-03-19 08:00:00,0.00010000
1647705600,2022-03-19 16:00:00,0.00010000
1647734400,2022-03-20 00:00:00,0.00010000
1647763200,2022-03-20 08:00:00,0.00007235
1647792000,2022-03-20 16:00:00,0.00010000
1647820800,2022-03-21 00:00:00,0.00001979
1647849600,2022-03-21 08:00:00,0.00010000
1647878400,2022-03-21 16:00:00,0.00010000
1647907200,2022-03-22 00:00:00,0.00006083
1647936000,2022-03-22 08:00:00,0.00010000
1647964800,2022-03-22 16:00:00,0.00010000
1647993600,2022-03-23 00:00:00,0.00010000
1648022400,2022-03-23 08:00:00,0.00010000
1648051200,2022-03-23 16:00:00,0.00010000
1648080000,2022-03-24 00:00:00,0.00010000
1648108800,2022-03-24 08:00:00,0.00010000
1648137600,2022-03-24 16:00:00,0.00010000
1648166400,2022-03-25 00:00:00,0.00010000
1648195200,2022-03-25 08:00:00,0.00010000
1648224000,2022-03-25 16:00:00,0.00010000
1648252800,2022-03-26 00:00:00,0.00010000
1648281600,2022-03-26 08:00:00,0.00010000
1648310400,2022-03-26 16:00:00,0.00010000
1648339200,2022-03-27 00:00:00,0.00010000
1648368000,2022-03-27 08:00:00,0.00010000
1648396800,2022-03-27 16:00:00,0.00010000
1648425600,2022-03-28 00:00:00,0.00010000
1648454400,2022-03-28 08:00:00,0.00010000
1648483200,2022-03-28 16:00:00,0.00010000
1648512000,2022-03-29 00:00:00,0.00010000
1648540800,2022-03-29 08:00:00,0.00010000
1648569600,2022-03-29 16:00:00,0.00010000
1648598400,2022-03-30 00:00:00,0.00010000
1648627200,2022-03-30 08:00:00,0.00010000
1648656000,2022-03-30 16:00:00,0.00010000
1648684800,2022-03-31 00:00:00,0.00010000
1648713600,2022-03-31 08:00:00,0.00010000
1648742400,2022-03-31 16:00:00,0.00010000
1648771200,2022-04-01 00:00:00,0.00010000
1648800000,2022-04-01 08:00:00,0.00010000
1648828800,2022-04-01 16:00:00,0.00010000
1648857600,2022-04-02 00:00:00,0.00010000
1648886400,2022-04-02 08:00:00,0.00010000
1648915200,2022-04-02 16:00:00,0.00010000
1648944000,2022-04-03 00:00:00,0.00010000
1648972800,2022-04-03 08:00:00,0.00010000
1649001600,2022-04-03 16:00:00,0.00010000
1649030400,2022-04-04 00:00:00,0.00010000
1649059200,2022-04-04 08:00:00,0.00010000
1649088000,2022-04-04 16:00:00,0.00010000
1649116800,2022-04-05 00:00:00,0.00010000
1649145600,2022-04-05 08:00:00,0.00010000
1649174400,2022-04-05 16:00:00,0.00010000
1649203200,2022-04-06 00:00:00,0.00010000
1649232000,2022-04-06 08:00:00,0.00010000
1649260800,2022-04-06 16:00:00,0.00010000
1649289600,2022-04-07 00:00:00,0.00010000
1649318400,2022-04-07 08:00:00,0.00010000
1649347200,2022-04-07 16:00:00,0.00010000
1649376000,2022-04-08 00:00:00,0.00010000
1649404800,2022-04-08 08:00:00,0.00010000
1649433600,2022-04-08 16:00:00,0.00010000
1649462400,2022-04-09 00:00:00,0.00008165
1649491200,2022-04-09 08:00:00,0.00006515
1649520000,2022-04-09 16:00:00,0.00010000
1649548800,2022-04-10 00:00:00,0.00010000
1649577600,2022-04-10 08:00:00,0.00010000
1649606400,2022-04-10 16:00:00,0.00010000
1649635200,2022-04-11 00:00:00,0.00010000
1649664000,2022-04-11 08:00:00,0.00010000
1649692800,2022-04-11 16:00:00,0.00004010
1649721600,2022-04-12 00:00:00,-0.00011820
1649750400,2022-04-12 08:00:00,-0.00008936
1649779200,2022-04-12 16:00:00,0.00003081
1649808000,2022-04-13 00:00:00,0.00010000
1649836800,2022-04-13 08:00:00,0.00010000
1649865600,2022-04-13 16:00:00,0.00010000
1649894400,2022-04-14 00:00:00,0.00006468
1649923200,2022-04-14 08:00:00,0.00010000
1649952000,2022-04-14 16:00:00,0.00010000
1649980800,2022-04-15 00:00:00,0.00010000
1650009600,2022-04-15 08:00:00,0.00010000
1650038400,2022-04-15 16:00:00,0.00010000
1650067200,2022-04-16 00:00:00,0.00008938
1650096000,2022-04-16 08:00:00,0.00010000
1650124800,2022-04-16 16:00:00,0.00010000
1650153600,2022-04-17 00:00:00,-0.00004789
1650182400,2022-04-17 08:00:00,0.00010000
1650211200,2022-04-17 16:00:00,0.00010000
1650240000,2022-04-18 00:00:00,-0.00004129
1650268800,2022-04-18 08:00:00,-0.00000822
1650297600,2022-04-18 16:00:00,-0.00001941
1650326400,2022-04-19 00:00:00,-0.00002114
1650355200,2022-04-19 08:00:00,0.00010000
1650384000,2022-04-19 16:00:00,0.00010000
1650412800,2022-04-20 00:00:00,0.00010000
1650441600,2022-04-20 08:00:00,0.00010000
1650470400,2022-04-20 16:00:00,0.00010000
1650499200,2022-04-21 00:00:00,0.00010000
1650528000,2022-04-21 08:00:00,0.00010000
1650556800,2022-04-21 16:00:00,0.00010000
1650585600,2022-04-22 00:00:00,0.00005865
1650614400,2022-04-22 08:00:00,0.00002290
1650643200,2022-04-22 16:00:00,0.00010000
1650672000,2022-04-23 00:00:00,0.00010000
1650700800,2022-04-23 08:00:00,0.00008261
1650729600,2022-04-23 16:00:00,0.00009926
1650758400,2022-04-24 00:00:00,0.00010000
1650787200,2022-04-24 08:00:00,0.00010000
1650816000,2022-04-24 16:00:00,-0.00002401
1650844800,2022-04-25 00:00:00,0.00007173
1650873600,2022-04-25 08:00:00,-0.00011601
1650902400,2022-04-25 16:00:00,0.00010000
1650931200,2022-04-26 00:00:00,0.00010000
1650960000,2022-04-26 08:00:00,0.00010000
1650988800,2022-04-26 16:00:00,0.00010000
1651017600,2022-04-27 00:00:00,-0.00002025
1651046400,2022-04-27 08:00:00,-0.00007386
1651075200,2022-04-27 16:00:00,0.00000475
1651104000,2022-04-28 00:00:00,0.00003076
1651132800,2022-04-28 08:00:00,0.00010000
1651161600,2022-04-28 16:00:00,0.00003485
1651190400,2022-04-29 00:00:00,0.00010000
1651219200,2022-04-29 08:00:00,0.00010000
1651248000,2022-04-29 16:00:00,0.00010000
1651276800,2022-04-30 00:00:00,0.00010000
1651305600,2022-04-30 08:00:00,0.00010000
1651334400,2022-04-30 16:00:00,0.00004246
1651363200,2022-05-01 00:00:00,-0.00010000
1651392000,2022-05-01 08:00:00,0.00010000
1651420800,2022-05-01 16:00:00,0.00000893
1651449600,2022-05-02 00:00:00,-0.00001954
1651478400,2022-05-02 08:00:00,0.00001273
1651507200,2022-05-02 16:00:00,0.00003649
1651536000,2022-05-03 00:00:00,0.00005560
1651564800,2022-05-03 08:00:00,0.00010000
1651593600,2022-05-03 16:00:00,0.00005878
1651622400,2022-05-04 00:00:00,0.00000684
1651651200,2022-05-04 08:00:00,0.00010000
1651680000,2022-05-04 16:00:00,0.00001632
1651708800,2022-05-05 00:00:00,0.00002015
1651737600,2022-05-05 08:00:00,0.00010000
1651766400,2022-05-05 16:00:00,0.00001064
1651795200,2022-05-06 00:00:00,0.00010000
1651824000,2022-05-06 08:00:00,-0.00004093
1651852800,2022-05-06 16:00:00,0.00002253
1651881600,2022-05-07 00:00:00,0.00005987
1651910400,2022-05-07 08:00:00,0.00010000
1651939200,2022-05-07 16:00:00,0.00010000
1651968000,2022-05-08 00:00:00,0.00005075
1651996800,2022-05-08 08:00:00,0.00007980
1652025600,2022-05-08 16:00:00,0.00010000
1652054400,2022-05-09 00:00:00,0.00009185
1652083200,2022-05-09 08:00:00,-0.00004426
1652112000,2022-05-09 16:00:00,-0.00009179
1652140800,2022-05-10 00:00:00,-0.00017956
1652169600,2022-05-10 08:00:00,0.00000153
1652198400,2022-05-10 16:00:00,0.00010000
1652227200,2022-05-11 00:00:00,-0.00002141
1652256000,2022-05-11 08:00:00,-0.00012325
1652284800,2022-05-11 16:00:00,-0.00046338
1652313600,2022-05-12 00:00:00,-0.00044807
1652342400,2022-05-12 08:00:00,-0.00136242
1652371200,2022-05-12 16:00:00,-0.00068558
1652400000,2022-05-13 00:00:00,-0.00011829
1652428800,2022-05-13 08:00:00,-0.00010796
1652457600,2022-05-13 16:00:00,-0.00013367
1652486400,2022-05-14 00:00:00,-0.00013094
1652515200,2022-05-14 08:00:00,-0.00001680
1652544000,2022-05-14 16:00:00,-0.00033416
1652572800,2022-05-15 00:00:00,-0.00013319
1652601600,2022-05-15 08:00:00,0.00005519
1652630400,2022-05-15 16:00:00,-0.00011574
1652659200,2022-05-16 00:00:00,-0.00004432
1652688000,2022-05-16 08:00:00,-0.00023712
1652716800,2022-05-16 16:00:00,-0.00005785
1652745600,2022-05-17 00:00:00,-0.00019840
1652774400,2022-05-17 08:00:00,-0.00024050
1652803200,2022-05-17 16:00:00,0.00001915
1652832000,2022-05-18 00:00:00,-0.00014470
1652860800,2022-05-18 08:00:00,-0.00018587
1652889600,2022-05-18 16:00:00,-0.00022576
1652918400,2022-05-19 00:00:00,-0.00010948
1652947200,2022-05-19 08:00:00,-0.00016578
1652976000,2022-05-19 16:00:00,-0.00004441
1653004800,2022-05-20 00:00:00,0.00003906
1653033600,2022-05-20 08:00:00,0.00010000
1653062400,2022-05-20 16:00:00,-0.00003434
1653091200,2022-05-21 00:00:00,-0.00002248
1653120000,2022-05-21 08:00:00,-0.00009683
1653148800,2022-05-21 16:00:00,-0.00000859
1653177600,2022-05-22 00:00:00,0.00003953
1653206400,2022-05-22 08:00:00,-0.00006388
1653235200,2022-05-22 16:00:00,0.00006959
1653264000,2022-05-23 00:00:00,0.00006009
1653292800,2022-05-23 08:00:00,0.00010000
1653321600,2022-05-23 16:00:00,0.00010000
1653350400,2022-05-24 00:00:00,-0.00022276
1653379200,2022-05-24 08:00:00,-0.00016641
1653408000,2022-05-24 16:00:00,-0.00013507
1653436800,2022-05-25 00:00:00,0.00007789
1653465600,2022-05-25 08:00:00,-0.00002669
1653494400,2022-05-25 16:00:00,0.00006800
1653523200,2022-05-26 00:00:00,0.00002853
1653552000,2022-05-26 08:00:00,-0.00007145
1653580800,2022-05-26 16:00:00,-0.00021537
1653609600,2022-05-27 00:00:00,-0.00010466
1653638400,2022-05-27 08:00:00,-0.00011979
1653667200,2022-05-27 16:00:00,-0.00001539
1653696000,2022-05-28 00:00:00,-0.00015325
1653724800,2022-05-28 08:00:00,-0.00008928
1653753600,2022-05-28 16:00:00,0.00001940
1653782400,2022-05-29 00:00:00,-0.00001487
1653811200,2022-05-29 08:00:00,-0.00011118
1653840000,2022-05-29 16:00:00,-0.00000675
1653868800,2022-05-30 00:00:00,0.00010000
1653897600,2022-05-30 08:00:00,0.00010000
1653926400,2022-05-30 16:00:00,0.00010000
1653955200,2022-05-31 00:00:00,0.00010000
1653984000,2022-05-31 08:00:00,0.00010000
1654012800,2022-05-31 16:00:00,0.00010000
1654041600,2022-06-01 00:00:00,0.00010000
1654070400,2022-06-01 08:00:00,0.00010000
1654099200,2022-06-01 16:00:00,0.00010000
1654128000,2022-06-02 00:00:00,-0.00014913
1654156800,2022-06-02 08:00:00,-0.00003420
1654185600,2022-06-02 16:00:00,0.00004639
1654214400,2022-06-03 00:00:00,0.00008227
1654243200,2022-06-03 08:00:00,-0.00000459
1654272000,2022-06-03 16:00:00,0.00000337
1654300800,2022-06-04 00:00:00,0.00002796
1654329600,2022-06-04 08:00:00,-0.00002185
1654358400,2022-06-04 16:00:00,0.00010000
1654387200,2022-06-05 00:00:00,0.00010000
1654416000,2022-06-05 08:00:00,-0.00003619
1654444800,2022-06-05 16:00:00,0.00008438
1654473600,2022-06-06 00:00:00,0.00009267
1654502400,2022-06-06 08:00:00,0.00010000
1654531200,2022-06-06 16:00:00,0.00010000
1654560000,2022-06-07 00:00:00,0.00002637
1654588800,2022-06-07 08:00:00,-0.00013660
1654617600,2022-06-07 16:00:00,0.00007488
1654646400,2022-06-08 00:00:00,0.00010000
1654675200,2022-06-08 08:00:00,0.00006586
1654704000,2022-06-08 16:00:00,0.00002827
1654732800,2022-06-09 00:00:00,0.00010000
1654761600,2022-06-09 08:00:00,0.00010000
1654790400,2022-06-09 16:00:00,0.00010000
1654819200,2022-06-10 00:00:00,0.00002665
1654848000,2022-06-10 08:00:00,0.00008373
1654876800,2022-06-10 16:00:00,-0.00015948
1654905600,2022-06-11 00:00:00,-0.00018006
1654934400,2022-06-11 08:00:00,-0.00001212
1654963200,2022-06-11 16:00:00,-0.00031777
1654992000,2022-06-12 00:00:00,-0.00025651
1655020800,2022-06-12 08:00:00,-0.00033030
1655049600,2022-06-12 16:00:00,-0.00020096
1655078400,2022-06-13 00:00:00,-0.00022768
1655107200,2022-06-13 08:00:00,-0.00027291
1655136000,2022-06-13 16:00:00,-0.00001325
1655164800,2022-06-14 00:00:00,-0.00013049
1655193600,2022-06-14 08:00:00,0.00010000
1655222400,2022-06-14 16:00:00,0.00009782
1655251200,2022-06-15 00:00:00,0.00009123
1655280000,2022-06-15 08:00:00,-0.00020349
1655308800,2022-06-15 16:00:00,0.00001121
1655337600,2022-06-16 00:00:00,0.00010000
1655366400,2022-06-16 08:00:00,0.00010000
1655395200,2022-06-16 16:00:00,0.00006051
1655424000,2022-06-17 00:00:00,0.00005990
1655452800,2022-06-17 08:00:00,0.00010000
1655481600,2022-06-17 16:00:00,0.00008351
1655510400,2022-06-18 00:00:00,0.00010000
1655539200,2022-06-18 08:00:00,0.00002529
1655568000,2022-06-18 16:00:00,0.00005439
1655596800,2022-06-19 00:00:00,-0.00021773
1655625600,2022-06-19 08:00:00,-0.00018403
1655654400,2022-06-19 16:00:00,0.00003056
1655683200,2022-06-20 00:00:00,0.00010000
1655712000,2022-06-20 08:00:00,0.00009532
1655740800,2022-06-20 16:00:00,0.00010000
1655769600,2022-06-21 00:00:00,0.00008484
1655798400,2022-06-21 08:00:00,0.00010000
1655827200,2022-06-21 16:00:00,0.00010000
1655856000,2022-06-22 00:00:00,0.00010000
1655884800,2022-06-22 08:00:00,0.00005166
1655913600,2022-06-22 16:00:00,0.00000081
1655942400,2022-06-23 00:00:00,0.00007460
1655971200,2022-06-23 08:00:00,0.00010000
1656000000,2022-06-23 16:00:00,0.00001279
1656028800,2022-06-24 00:00:00,0.00000646
1656057600,2022-06-24 08:00:00,0.00010000
1656086400,2022-06-24 16:00:00,0.00010000
1656115200,2022-06-25 00:00:00,0.00008031
1656144000,2022-06-25 08:00:00,0.00010000
1656172800,2022-06-25 16:00:00,0.00007232
1656201600,2022-06-26 00:00:00,0.00010000
1656230400,2022-06-26 08:00:00,0.00010000
1656259200,2022-06-26 16:00:00,0.00010000
1656288000,2022-06-27 00:00:00,0.00010000
1656316800,2022-06-27 08:00:00,-0.00013230
1656345600,2022-06-27 16:00:00,0.00010000
1656374400,2022-06-28 00:00:00,0.00002055
1656403200,2022-06-28 08:00:00,-0.00002856
1656432000,2022-06-28 16:00:00,0.00006462
1656460800,2022-06-29 00:00:00,-0.00005048
1656489600,2022-06-29 08:00:00,0.00007559
1656518400,2022-06-29 16:00:00,0.00003346
1656547200,2022-06-30 00:00:00,0.00004006
1656576000,2022-06-30 08:00:00,0.00010000
1656604800,2022-06-30 16:00:00,-0.00008516
1656633600,2022-07-01 00:00:00,0.00001222
1656662400,2022-07-01 08:00:00,-0.00003516
1656691200,2022-07-01 16:00:00,0.00010000
1656720000,2022-07-02 00:00:00,0.00010000
1656748800,2022-07-02 08:00:00,0.00010000
1656777600,2022-07-02 16:00:00,0.00009468
1656806400,2022-07-03 00:00:00,0.00003853
1656835200,2022-07-03 08:00:00,0.00001446
1656864000,2022-07-03 16:00:00,0.00003440
1656892800,2022-07-04 00:00:00,0.00010000
1656921600,2022-07-04 08:00:00,0.00007184
1656950400,2022-07-04 16:00:00,0.00009533
1656979200,2022-07-05 00:00:00,0.00010000
1657008000,2022-07-05 08:00:00,0.00010000
1657036800,2022-07-05 16:00:00,0.00010000
1657065600,2022-07-06 00:00:00,0.00010000
1657094400,2022-07-06 08:00:00,0.00010000
1657123200,2022-07-06 16:00:00,0.00010000
1657152000,2022-07-07 00:00:00,0.00010000
1657180800,2022-07-07 08:00:00,0.00010000
1657209600,2022-07-07 16:00:00,0.00010000
1657238400,2022-07-08 00:00:00,0.00010000
1657267200,2022-07-08 08:00:00,0.00010000
1657296000,2022-07-08 16:00:00,0.00000939
1657324800,2022-07-09 00:00:00,0.00003980
1657353600,2022-07-09 08:00:00,0.00010000
1657382400,2022-07-09 16:00:00,0.00008832
1657411200,2022-07-10 00:00:00,0.00010000
1657440000,2022-07-10 08:00:00,0.00007518
1657468800,2022-07-10 16:00:00,0.00010000
1657497600,2022-07-11 00:00:00,-0.00000807
1657526400,2022-07-11 08:00:00,0.00001253
1657555200,2022-07-11 16:00:00,0.00001763
1657584000,2022-07-12 00:00:00,-0.00014255
1657612800,2022-07-12 08:00:00,0.00000895
1657641600,2022-07-12 16:00:00,-0.00005267
1657670400,2022-07-13 00:00:00,-0.00023751
1657699200,2022-07-13 08:00:00,-0.00006307
1657728000,2022-07-13 16:00:00,-0.00026618
1657756800,2022-07-14 00:00:00,-0.00024563
1657785600,2022-07-14 08:00:00,-0.00011171
1657814400,2022-07-14 16:00:00,-0.00016534
1657843200,2022-07-15 00:00:00,-0.00000395
1657872000,2022-07-15 08:00:00,0.00004991
1657900800,2022-07-15 16:00:00,0.00010000
1657929600,2022-07-16 00:00:00,0.00010000
1657958400,2022-07-16 08:00:00,0.00010000
1657987200,2022-07-16 16:00:00,0.00010000
1658016000,2022-07-17 00:00:00,0.00010000
1658044800,2022-07-17 08:00:00,0.00010000
1658073600,2022-07-17 16:00:00,0.00008166
1658102400,2022-07-18 00:00:00,0.00010000
1658131200,2022-07-18 08:00:00,0.00010000
1658160000,2022-07-18 16:00:00,0.00010000
1658188800,2022-07-19 00:00:00,0.00010000
1658217600,2022-07-19 08:00:00,0.00010000
1658246400,2022-07-19 16:00:00,0.00010000
1658275200,2022-07-20 00:00:00,0.00010000
1658304000,2022-07-20 08:00:00,0.00010000
1658332800,2022-07-20 16:00:00,0.00010000
1658361600,2022-07-21 00:00:00,0.00010000
1658390400,2022-07-21 08:00:00,0.00010000
1658419200,2022-07-21 16:00:00,0.00010000
1658448000,2022-07-22 00:00:00,0.00010000
1658476800,2022-07-22 08:00:00,0.00010000
1658505600,2022-07-22 16:00:00,0.00010000
1658534400,2022-07-23 00:00:00,0.00005293
1658563200,2022-07-23 08:00:00,0.00010000
1658592000,2022-07-23 16:00:00,0.00010000
1658620800,2022-07-24 00:00:00,0.00007022
1658649600,2022-07-24 08:00:00,0.00010000
1658678400,2022-07-24 16:00:00,0.00005287
1658707200,2022-07-25 00:00:00,0.00010000
1658736000,2022-07-25 08:00:00,-0.00010530
1658764800,2022-07-25 16:00:00,0.00006983
1658793600,2022-07-26 00:00:00,-0.00002608
1658822400,2022-07-26 08:00:00,-0.00006995
1658851200,2022-07-26 16:00:00,-0.00008017
1658880000,2022-07-27 00:00:00,-0.00002886
1658908800,2022-07-27 08:00:00,0.00006715
1658937600,2022-07-27 16:00:00,0.00005673
1658966400,2022-07-28 00:00:00,0.00010000
1658995200,2022-07-28 08:00:00,0.00010000
1659024000,2022-07-28 16:00:00,0.00010000
1659052800,2022-07-29 00:00:00,0.00010000
1659081600,2022-07-29 08:00:00,0.00010000
1659110400,2022-07-29 16:00:00,0.00010000
1659139200,2022-07-30 00:00:00,0.00010000
1659168000,2022-07-30 08:00:00,0.00010000
1659196800,2022-07-30 16:00:00,0.00010000
1659225600,2022-07-31 00:00:00,0.00010000
1659254400,2022-07-31 08:00:00,0.00010000
1659283200,2022-07-31 16:00:00,0.00010000
1659312000,2022-08-01 00:00:00,0.00010000
1659340800,2022-08-01 08:00:00,0.00010000
1659369600,2022-08-01 16:00:00,0.00010000
1659398400,2022-08-02 00:00:00,0.00010000
1659427200,2022-08-02 08:00:00,0.00005456
1659456000,2022-08-02 16:00:00,0.00010000
1659484800,2022-08-03 00:00:00,0.00010000
1659513600,2022-08-03 08:00:00,0.00006180
1659542400,2022-08-03 16:00:00,0.00010000
1659571200,2022-08-04 00:00:00,0.00008423
1659600000,2022-08-04 08:00:00,0.00009027
1659628800,2022-08-04 16:00:00,0.00010000
1659657600,2022-08-05 00:00:00,0.00010000
1659686400,2022-08-05 08:00:00,0.00010000
1659715200,2022-08-05 16:00:00,0.00010000
1659744000,2022-08-06 00:00:00,0.00010000
1659772800,2022-08-06 08:00:00,0.00010000
1659801600,2022-08-06 16:00:00,0.00010000
1659830400,2022-08-07 00:00:00,0.00010000
1659859200,2022-08-07 08:00:00,0.00010000
1659888000,2022-08-07 16:00:00,0.00010000
1659916800,2022-08-08 00:00:00,0.00010000
1659945600,2022-08-08 08:00:00,0.00010000
1659974400,2022-08-08 16:00:00,0.00010000
1660003200,2022-08-09 00:00:00,0.00010000
1660032000,2022-08-09 08:00:00,0.00010000
1660060800,2022-08-09 16:00:00,0.00010000
1660089600,2022-08-10 00:00:00,0.00008950
1660118400,2022-08-10 08:00:00,0.00003600
1660147200,2022-08-10 16:00:00,0.00010000
1660176000,2022-08-11 00:00:00,0.00010000
1660204800,2022-08-11 08:00:00,0.00010000
1660233600,2022-08-11 16:00:00,0.00010000
1660262400,2022-08-12 00:00:00,0.00010000
1660291200,2022-08-12 08:00:00,0.00010000
1660320000,2022-08-12 16:00:00,0.00010000
1660348800,2022-08-13 00:00:00,0.00010000
1660377600,2022-08-13 08:00:00,0.00010000
1660406400,2022-08-13 16:00:00,0.00010000
1660435200,2022-08-14 00:00:00,0.00010000
1660464000,2022-08-14 08:00:00,0.00010000
1660492800,2022-08-14 16:00:00,0.00010000
1660521600,2022-08-15 00:00:00,0.00010000
1660550400,2022-08-15 08:00:00,0.00010000
1660579200,2022-08-15 16:00:00,0.00005489
1660608000,2022-08-16 00:00:00,0.00010000
1660636800,2022-08-16 08:00:00,0.00010000
1660665600,2022-08-16 16:00:00,0.00010000
1660694400,2022-08-17 00:00:00,0.00010000
1660723200,2022-08-17 08:00:00,0.00006043
1660752000,2022-08-17 16:00:00,0.00010000
1660780800,2022-08-18 00:00:00,0.00010000
1660809600,2022-08-18 08:00:00,0.00008645
1660838400,2022-08-18 16:00:00,0.00010000
1660867200,2022-08-19 00:00:00,0.00001907
1660896000,2022-08-19 08:00:00,-0.00000401
1660924800,2022-08-19 16:00:00,-0.00004219
1660953600,2022-08-20 00:00:00,0.00002839
1660982400,2022-08-20 08:00:00,0.00000927
1661011200,2022-08-20 16:00:00,0.00002136
1661040000,2022-08-21 00:00:00,0.00004687
1661068800,2022-08-21 08:00:00,-0.00007347
1661097600,2022-08-21 16:00:00,-0.00007307
1661126400,2022-08-22 00:00:00,-0.00000193
1661155200,2022-08-22 08:00:00,-0.00012903
1661184000,2022-08-22 16:00:00,0.00004549
1661212800,2022-08-23 00:00:00,0.00008619
1661241600,2022-08-23 08:00:00,0.00010000
1661270400,2022-08-23 16:00:00,0.00010000
1661299200,2022-08-24 00:00:00,0.00009744
1661328000,2022-08-24 08:00:00,0.00008204
1661356800,2022-08-24 16:00:00,0.00010000
1661385600,2022-08-25 00:00:00,0.00005554
1661414400,2022-08-25 08:00:00,0.00010000
1661443200,2022-08-25 16:00:00,-0.00006425
1661472000,2022-08-26 00:00:00,0.00005585
1661500800,2022-08-26 08:00:00,0.00004026
1661529600,2022-08-26 16:00:00,-0.00003673
1661558400,2022-08-27 00:00:00,-0.00010245
1661587200,2022-08-27 08:00:00,-0.00010280
1661616000,2022-08-27 16:00:00,0.00006454
1661644800,2022-08-28 00:00:00,-0.00015685
1661673600,2022-08-28 08:00:00,-0.00006437
1661702400,2022-08-28 16:00:00,-0.00006853
1661731200,2022-08-29 00:00:00,-0.00010384
1661760000,2022-08-29 08:00:00,0.00001209
1661788800,2022-08-29 16:00:00,-0.00008400
1661817600,2022-08-30 00:00:00,0.00002130
1661846400,2022-08-30 08:00:00,0.00010000
